[
{
 "model": "contenttypes.contenttype",
 "pk": 1,
 "fields": {
  "model": "logentry",
  "app_label": "admin"
 }
},
{
 "model": "contenttypes.contenttype",
 "pk": 2,
 "fields": {
  "model": "permission",
  "app_label": "auth"
 }
},
{
 "model": "contenttypes.contenttype",
 "pk": 3,
 "fields": {
  "model": "group",
  "app_label": "auth"
 }
},
{
 "model": "contenttypes.contenttype",
 "pk": 4,
 "fields": {
  "model": "user",
  "app_label": "auth"
 }
},
{
 "model": "contenttypes.contenttype",
 "pk": 5,
 "fields": {
  "model": "contenttype",
  "app_label": "contenttypes"
 }
},
{
 "model": "contenttypes.contenttype",
 "pk": 6,
 "fields": {
  "model": "session",
  "app_label": "sessions"
 }
},
{
 "model": "contenttypes.contenttype",
 "pk": 7,
 "fields": {
  "model": "facebookuser",
  "app_label": "socialage"
 }
},
{
 "model": "contenttypes.contenttype",
 "pk": 9,
 "fields": {
  "model": "facebookpagelike",
  "app_label": "socialage"
 }
},
{
 "model": "contenttypes.contenttype",
 "pk": 10,
 "fields": {
  "model": "page",
  "app_label": "socialage"
 }
},
{
 "model": "sessions.session",
 "pk": "44czgbjbs4x5fd744yzkilj4akunb0lt",
 "fields": {
  "expire_date": "2015-11-07T20:11:41.365Z",
  "session_data": "NDYxODFjYTM0OWI2NzMyZTgzYTlmNWE2MTM3YTZmNzE0ZDgzNDJhOTp7ImluZGV4X3VyaSI6Imh0dHA6Ly8xMjcuMC4wLjE6ODAwMC8ifQ=="
 }
},
{
 "model": "sessions.session",
 "pk": "57uq2qpvd7p8lael8hbtdt4n5cl1gxgs",
 "fields": {
  "expire_date": "2015-11-19T07:09:34.282Z",
  "session_data": "NDczYzI1ZGU2M2VmYTEyMjBhMjIwMDEzZTQ4Njg5ZjczZjIzNTYzNTp7ImFjY2Vzc190b2tlbiI6IkNBQUhPQWR5dHB6UUJBQlpCU01aQkZXdWkwNG1oSlY4N3FqcGdpeUlpekNqRDVramMxMEtaQUpwRTA5YUs3amdubVpBVEx2SVpCMDlpaEtCSVdDVGpUekczaGt3TjZEcnV5OU5CWkJ1OTVod3JRYmpaQlBuREw5dHNzR1Fkb1pDcnlQcVpCeVFpTFpCS1RnTTVQdVBWNXdNMFVxTFpDWkNzN2RiZHZIVDRsMlpDaHBzYkVaQzN2dW1QOTVqcXQ3M1VqU2VaQndQUVE0WkQiLCJfYXV0aF91c2VyX2hhc2giOiJlYjRlZjA4ZGU0ZmRkMjM0NmRmZmE0YWVmNWExYTk1ODA3MjFlNWQwIiwiaW5kZXhfdXJpIjoiaHR0cDovL2xvY2FsaG9zdDo4MDgwLyIsIl9hdXRoX3VzZXJfYmFja2VuZCI6ImRqYW5nby5jb250cmliLmF1dGguYmFja2VuZHMuTW9kZWxCYWNrZW5kIiwidXNlciI6eyJuYW1lIjoiSmFzcGVyIENodW5raSBDaGFuIiwiaWQiOiIxMDE1MzI2MTA4MTQ0MzEzMSIsImJpcnRoZGF5IjoiMDkvMTYvMTk5NCJ9LCJfYXV0aF91c2VyX2lkIjoiMyJ9"
 }
},
{
 "model": "sessions.session",
 "pk": "63hpn9tygg68lomx50p8z8mpwxofxtod",
 "fields": {
  "expire_date": "2015-11-03T08:44:11.861Z",
  "session_data": "NDYxODFjYTM0OWI2NzMyZTgzYTlmNWE2MTM3YTZmNzE0ZDgzNDJhOTp7ImluZGV4X3VyaSI6Imh0dHA6Ly8xMjcuMC4wLjE6ODAwMC8ifQ=="
 }
},
{
 "model": "sessions.session",
 "pk": "8syrngmgbs0fzol9huhnz4qnadf4o3hm",
 "fields": {
  "expire_date": "2015-11-07T20:12:24.270Z",
  "session_data": "YWE3Mzk0YWY4Mzc5NmRhNzRhMjc2M2ZkZmIyY2YyYjg5Y2Q0N2ViMDp7InVzZXIiOnsiaWQiOiIxMDE1MzI2MTA4MTQ0MzEzMSIsImJpcnRoZGF5IjoiMDkvMTYvMTk5NCIsIm5hbWUiOiJKYXNwZXIgQ2h1bmtpIENoYW4ifSwiYWNjZXNzX3Rva2VuIjoiQ0FBSE9BZHl0cHpRQkFDNzZyQTVsWkM0YjIwdndaQjBOTWNldkk5SzJlRDJaQWgzd3kwNDhzZWtOZVkxNklINEhCZ3NWUWx2WVdJbmx2WUZzanp4OXc1bzZDZjVWd1dURVNnWG1sOVpCZXhBa2xSY0ROZjJVV2Zjb1EySkZEdDRkeXRucmJRN2haQ0R4NFpDMEFldUVBcUVDNE5mWkFaQ3RpdWlMcldJNlVRYnNZWFVMYTdaQ0lKWkNXYWp2VlpCdUVteXk1alNKTDl5aFpDYUdsQVpEWkQiLCJpbmRleF91cmkiOiJodHRwOi8vbG9jYWxob3N0OjgwODAvIn0="
 }
},
{
 "model": "sessions.session",
 "pk": "b22it2ouovby6ult7is0rg6hohc1krwj",
 "fields": {
  "expire_date": "2015-11-02T19:18:45.663Z",
  "session_data": "OTMxNmNmODk2NDk0NDk2ZDk2MWI1YjZjYzdjMTAyZjBiMzgxZDA0ODp7ImluZGV4X3VyaSI6Imh0dHA6Ly9sb2NhbGhvc3Q6ODA4MC9zYS8iLCJhY2Nlc3NfdG9rZW4iOiJDQUFIT0FkeXRwelFCQUY0WEdleG03OGtwZWxWeDFZeEU1aDQwdEZ0NWk1dmVLM1pCYTIxRk05cXBDVFE0aTYxT2xWMGRDUnY2SzRFR08zcTdwNXlCV2tnNHlkTGV0UWtLa3c0d1pBYnZOcGJNRk4yenl5MU1iRUJEMUNsYjNaQkREUlU2cDBTUnE2NUNUNDViN0RaQk5uOU9aQk00amF6b2JIMzVnaUhhazBpS0c5ZWtPeTVrQzMzMllQeUlCNE9JWkM1WWQ1VkdDWkJtUVpEWkQiLCJ1c2VyIjp7Im5hbWUiOiJNaWNoYWVsIENoZXVuZyIsImlkIjoiMTAyMDc5MTMyNzQ4NTc5MTQifX0="
 }
},
{
 "model": "sessions.session",
 "pk": "cx40hiksj0v5elvl9hz5o07tydi3jaiu",
 "fields": {
  "expire_date": "2015-11-05T10:44:30.231Z",
  "session_data": "YmQxYTNkYWQ2N2JhYzU1ZDM5YTYwYjliMzJiNzUwYmJhYmQ4MTJhYTp7ImluZGV4X3VyaSI6Imh0dHA6Ly9sb2NhbGhvc3Q6ODA4MC8iLCJ1c2VyX3Rva2VuIjoiQVFDSG81SWE4dmNuSlRuWnRtTkVzXzh5Z3BudmdUMkhMZDVOandTcWJQb0hCdUpkLVcweFppc2tRZmtwUHBBZGZ0UV8wdlVsdjNTTmJyRmg0aWtibHd2OW40NHZidmQxVVgyLWliSllwWVBCNUc2TjhQYzFMWjZRSFFuYjJ4N1M0dlVzZXhWeHRrbV9OSXAwM09yYlNDUURwR1lPY1BJdExwVjlZcDJvdUNpV0JKQWFZOEZGc1lsSU9fNzBFbGJua3p6cHZvRGZHdDdONmcwb2NzSFEyX1BqRDVTcURvUVNqZ0d4NkU3YWNYQUNrNTUwRVFXUVlaNFpVV1lPU3NXQ0xYVWRldzdHSDA2TWtQckxmWF92YkdDSjlBcEVGZ2tpR05uMVlJVHJBaFpoek5pdl9xdnhsVkJpNVRUbmx5RGZLOU1tRmVKb3ZYSDBKT0xrQXplclFvZ0giLCJ1c2VyIjp7Im5hbWUiOiJTYW11ZWwgV29uZyIsImlkIjoiMTAxNTM2Njc2OTk1ODk3MTAiLCJiaXJ0aGRheSI6IjA5LzIwLzE5OTYifSwiYWNjZXNzX3Rva2VuIjoiQ0FBSE9BZHl0cHpRQkFJZjRsazl1U2tweTEwWTBFWkN3eUxMWkNsdzJWMUdRTnNPenNOSlZFWkJvcTk2cGVjdlQ3Q1NmZXhkSVpDVUFSdHNxenhvM0k3ajRtMUJ1R3RvMFRmR2djZFpCcVBzQ0YzZHRhbjBUd2IzWkF6bnY5Q1VRc1gxY3psV3pTUDMza3ZvQmt4VHNaQkJ4U1B4TGpZYVh1UVpCZ0xJRWtURFd5VW5rcnBjM2pzTmJ4QTJrZjk1UVdQM0djeTRUTGpwYVpBQ21tcjlDWFZpVzAiLCJub19sb2dpbiI6ZmFsc2V9"
 }
},
{
 "model": "sessions.session",
 "pk": "dqi728hlw5bobocok8l57k66fhek3lux",
 "fields": {
  "expire_date": "2016-01-16T17:30:25.677Z",
  "session_data": "NDYxODFjYTM0OWI2NzMyZTgzYTlmNWE2MTM3YTZmNzE0ZDgzNDJhOTp7ImluZGV4X3VyaSI6Imh0dHA6Ly8xMjcuMC4wLjE6ODAwMC8ifQ=="
 }
},
{
 "model": "sessions.session",
 "pk": "grf75psml783lagevhqdhpsjnermaanu",
 "fields": {
  "expire_date": "2016-01-18T12:50:02.372Z",
  "session_data": "ZTc4NWM2OTllYjUzYmRhZGI2ZjM0MGQzMDI0ZTRjZDM2YmEzM2Q2NTp7InVzZXIiOnsiaWQiOiIxMDE1MzY2NzY5OTU4OTcxMCIsImJpcnRoZGF5IjoiMDkvMjAvMTk5NiIsIm5hbWUiOiJTYW11ZWwgV29uZyJ9LCJhY2Nlc3NfdG9rZW4iOiJDQUFIT0FkeXRwelFCQUhnVDZHNUhneUlYM3BpZDVaQVNFQk53T0FVUUNyM3laQXRvQm5hbXRjbzRZUUk4bXNHMm9yZmRaQjlKZ1RDRjlteVk4blVBcXN1bjQ0Y2ZkZ1Rid1lMM3Y0MXlaQktIU0U2WkNYMUFLdmcwR2pkYzNOaENWRE1ieXlXZW43RlJyUTRzbURKWkJ3ZW5UbXA3d3p1aGQwcEVlczN6Y1h0OFpBaEt6dHU4Y2RaQmZHWkFueVZXVVhHam1mQVlKc3ROOG1jY0Y3azJKUG1EaiIsImluZGV4X3VyaSI6Imh0dHA6Ly9sb2NhbGhvc3Q6ODA4MC8ifQ=="
 }
},
{
 "model": "sessions.session",
 "pk": "kylxn92wacqfflomhhpi7qojq4o792ef",
 "fields": {
  "expire_date": "2015-11-03T16:20:59.754Z",
  "session_data": "ZjVhNDQwYjRlMDk1ZTFlNDQ4MTcxMDczZDcwMDc2NWI4YmM5YTQ3Mjp7ImFjY2Vzc190b2tlbiI6IkNBQUhPQWR5dHB6UUJBT3VoREhFSmcyQzF6TjVHN3R0VGJUazluZUYxMmp1YkF1STRQclNDUVdBaEZ6SGZTYTI1WGtON1BaQUNaQnZEZjF5ZGd0dkVDMzV2aEQzUlpCRlpBMTJQejlZWkNIQXhKZ1JrRnB6ckF4NE9HZVpDMnkyMGs5SDhpYXNET1dDRGtHeHJaQ2l2bGF6blQ4Z2FHY0paQlRUdVk1d0tqeVZqRlYzWkJlOHlaQzVDa1ZPNzMxZ2FBWG5SOFpEIiwiaW5kZXhfdXJpIjoiaHR0cDovL2xvY2FsaG9zdDo4MDgwLyIsInVzZXIiOnsibmFtZSI6Ik1pY2hhZWwgQ2hldW5nIiwiaWQiOiIxMDIwNzkxMzI3NDg1NzkxNCJ9fQ=="
 }
},
{
 "model": "sessions.session",
 "pk": "mtp5dbrrvlygc20u71at85uhcee396sm",
 "fields": {
  "expire_date": "2016-01-19T11:34:02.454Z",
  "session_data": "YzdjNGI5ZmZmMGIxMDE3ODUxYTU0MTcwYTA5ODBmYTA0ZGVjMDFkNTp7Il9hdXRoX3VzZXJfaWQiOiIzIiwiX2F1dGhfdXNlcl9iYWNrZW5kIjoiZGphbmdvLmNvbnRyaWIuYXV0aC5iYWNrZW5kcy5Nb2RlbEJhY2tlbmQiLCJfYXV0aF91c2VyX2hhc2giOiJlYjRlZjA4ZGU0ZmRkMjM0NmRmZmE0YWVmNWExYTk1ODA3MjFlNWQwIn0="
 }
},
{
 "model": "sessions.session",
 "pk": "or8p2nuceqapcsar1z7d1w7efgkwa9px",
 "fields": {
  "expire_date": "2015-11-05T11:20:49.663Z",
  "session_data": "NzZkMGIxZDNmNTRlZjYxNzlkNzA5YjhjOGRlYjA4YTg5YmU0M2U5Yzp7ImluZGV4X3VyaSI6Imh0dHA6Ly9sb2NhbGhvc3Q6ODA4MC8iLCJhY2Nlc3NfdG9rZW4iOiJDQUFIT0FkeXRwelFCQU5UcVRTRE9iYU00dUpTSm5PU0phVHZDQnNQUm5zZlRPcUx6SjBvWVZwUlc1ekdVMlZodlpDcGthZEtaQVNqam9paHBLY1c3dVE5aGY2V1c1WkFqNkxXWkJaQU9vUVFUSlpDSzZtcGl6TG50dTQ2QXhjbUFuYU5lbnpNVDFoclZ2WkNxWkN5ejBSSkhick40UUpSZGJmeVdxQktoZUJPSTl2ejFzSDJMZDM4Z2lYYXh2clRXMFREWHIxNFVYOTdIQ1FaRFpEIiwidXNlciI6eyJiaXJ0aGRheSI6IjA5LzIwLzE5OTYiLCJpZCI6IjEwMTUzNjY3Njk5NTg5NzEwIiwibmFtZSI6IlNhbXVlbCBXb25nIn19"
 }
},
{
 "model": "sessions.session",
 "pk": "ty2i52x5ft2n594dwfm97wcdz7mfzzkk",
 "fields": {
  "expire_date": "2015-11-02T18:14:37.716Z",
  "session_data": "N2EwNzA1YWFhNGQxZGJjN2NmNTQwNTI3NTllMzNlZDkwZmRjMGFmMjp7InVzZXJfdG9rZW4iOm51bGwsIm5vX2xvZ2luIjpmYWxzZSwiaW5kZXhfdXJpIjoiaHR0cDovL2xvY2FsaG9zdDo4MDgwL3NhLyJ9"
 }
},
{
 "model": "socialage.facebookuser",
 "pk": "10153261081443131",
 "fields": {
  "name": "Jasper Chunki Chan",
  "birthday": "1994-09-16T00:00:00Z"
 }
},
{
 "model": "socialage.facebookuser",
 "pk": "10153667699589710",
 "fields": {
  "name": "Samuel Wong",
  "birthday": "1996-09-20T00:00:00Z"
 }
},
{
 "model": "socialage.facebookuser",
 "pk": "10207913274857914",
 "fields": {
  "name": "Michael Cheung",
  "birthday": "2015-10-22T10:41:55.873Z"
 }
},
{
 "model": "socialage.page",
 "pk": "00c210ad-be46-491d-9c00-8f2f92b4b28f",
 "fields": {
  "ageUnder12": 0.0,
  "age12to13": 0.0,
  "age25to34": 0.0,
  "age35to44": 0.0,
  "tw_id": "",
  "age45to54": 0.0,
  "total": 0.0,
  "name": "\u9ec3\u5b50\u83ef - \u5b50\u83ef\u672c\u90e8",
  "age14to15": 0.0,
  "age55to64": 0.0,
  "age16to17": 0.0,
  "fb_id": "157060971093450",
  "ageAbove65": 0.0,
  "age18to24": 0.0,
  "tw_handle": "",
  "fb_handle": "\u9ec3\u5b50\u83ef - \u5b50\u83ef\u672c\u90e8"
 }
},
{
 "model": "socialage.page",
 "pk": "02e81095-40a6-4f14-b676-9ef2690a9a92",
 "fields": {
  "ageUnder12": 0.0,
  "age12to13": 0.0,
  "age25to34": 0.0,
  "age35to44": 0.0,
  "tw_id": "",
  "age45to54": 0.0,
  "total": 0.0,
  "name": "ELO HELL",
  "age14to15": 0.0,
  "age55to64": 0.0,
  "age16to17": 0.0,
  "fb_id": "238762096159825",
  "ageAbove65": 0.0,
  "age18to24": 0.0,
  "tw_handle": "",
  "fb_handle": "ELO HELL"
 }
},
{
 "model": "socialage.page",
 "pk": "0d496378-1e56-410e-807a-967a771be23c",
 "fields": {
  "ageUnder12": 0.0,
  "age12to13": 0.0,
  "age25to34": 0.0,
  "age35to44": 0.0,
  "tw_id": "",
  "age45to54": 0.0,
  "total": 0.0,
  "name": "Chris Smoove",
  "age14to15": 0.0,
  "age55to64": 0.0,
  "age16to17": 0.0,
  "fb_id": "189559597743272",
  "ageAbove65": 0.0,
  "age18to24": 0.0,
  "tw_handle": "",
  "fb_handle": "Chris Smoove"
 }
},
{
 "model": "socialage.page",
 "pk": "117e8be7-459a-4709-bc05-f9e782f4abf5",
 "fields": {
  "ageUnder12": 0.0,
  "age12to13": 0.0,
  "age25to34": 0.0,
  "age35to44": 0.0,
  "tw_id": "",
  "age45to54": 0.0,
  "total": 0.0,
  "name": "10 Yo Momma Jokes That Will Make You ROFLMAO!",
  "age14to15": 0.0,
  "age55to64": 0.0,
  "age16to17": 0.0,
  "fb_id": "108109772564406",
  "ageAbove65": 0.0,
  "age18to24": 0.0,
  "tw_handle": "",
  "fb_handle": "10 Yo Momma Jokes That Will Make You ROFLMAO!"
 }
},
{
 "model": "socialage.page",
 "pk": "11c45e48-a83d-40b4-83a9-c6d993f5237a",
 "fields": {
  "ageUnder12": 0.0,
  "age12to13": 0.0,
  "age25to34": 0.0,
  "age35to44": 0.0,
  "tw_id": "",
  "age45to54": 0.0,
  "total": 0.0,
  "name": "Imperial College London",
  "age14to15": 0.0,
  "age55to64": 0.0,
  "age16to17": 0.0,
  "fb_id": "148242696837",
  "ageAbove65": 0.0,
  "age18to24": 0.0,
  "tw_handle": "",
  "fb_handle": "Imperial College London"
 }
},
{
 "model": "socialage.page",
 "pk": "183c45d5-b558-4373-8c06-c0cee6d42aa7",
 "fields": {
  "ageUnder12": 0.0,
  "age12to13": 0.0,
  "age25to34": 0.0,
  "age35to44": 0.0,
  "tw_id": "",
  "age45to54": 0.0,
  "total": 0.0,
  "name": "Hack Digital",
  "age14to15": 0.0,
  "age55to64": 0.0,
  "age16to17": 0.0,
  "fb_id": "112497318812308",
  "ageAbove65": 0.0,
  "age18to24": 0.0,
  "tw_handle": "",
  "fb_handle": "Hack Digital"
 }
},
{
 "model": "socialage.page",
 "pk": "19038e16-59c0-4640-a6ab-2c8ca2f21be7",
 "fields": {
  "ageUnder12": 0.0,
  "age12to13": 0.0,
  "age25to34": 0.0,
  "age35to44": 0.0,
  "tw_id": "",
  "age45to54": 0.0,
  "total": 0.0,
  "name": "Mozilla Firefox",
  "age14to15": 0.0,
  "age55to64": 0.0,
  "age16to17": 0.0,
  "fb_id": "14696440021",
  "ageAbove65": 0.0,
  "age18to24": 0.0,
  "tw_handle": "",
  "fb_handle": "Mozilla Firefox"
 }
},
{
 "model": "socialage.page",
 "pk": "19d89dcc-829e-4bfa-b511-7bbb7adf18f6",
 "fields": {
  "ageUnder12": 0.0,
  "age12to13": 0.0,
  "age25to34": 0.0,
  "age35to44": 0.0,
  "tw_id": "",
  "age45to54": 0.0,
  "total": 0.0,
  "name": "popmog",
  "age14to15": 0.0,
  "age55to64": 0.0,
  "age16to17": 0.0,
  "fb_id": "117285968199",
  "ageAbove65": 0.0,
  "age18to24": 0.0,
  "tw_handle": "",
  "fb_handle": "popmog"
 }
},
{
 "model": "socialage.page",
 "pk": "1aab6493-306c-48e4-8435-71f290d61c4f",
 "fields": {
  "ageUnder12": 0.0,
  "age12to13": 0.0,
  "age25to34": 0.0,
  "age35to44": 0.0,
  "tw_id": "",
  "age45to54": 0.0,
  "total": 0.0,
  "name": "Skrillex",
  "age14to15": 0.0,
  "age55to64": 0.0,
  "age16to17": 0.0,
  "fb_id": "119702488081975",
  "ageAbove65": 0.0,
  "age18to24": 0.0,
  "tw_handle": "",
  "fb_handle": "Skrillex"
 }
},
{
 "model": "socialage.page",
 "pk": "1b2cbfa3-9a26-4ef2-83f9-8fb2cc0d84cd",
 "fields": {
  "ageUnder12": 0.0,
  "age12to13": 0.0,
  "age25to34": 0.0,
  "age35to44": 0.0,
  "tw_id": "",
  "age45to54": 0.0,
  "total": 0.0,
  "name": "U17 World Cup Canadian keeper shoots a goal",
  "age14to15": 0.0,
  "age55to64": 0.0,
  "age16to17": 0.0,
  "fb_id": "168849823200199",
  "ageAbove65": 0.0,
  "age18to24": 0.0,
  "tw_handle": "",
  "fb_handle": "U17 World Cup Canadian keeper shoots a goal"
 }
},
{
 "model": "socialage.page",
 "pk": "1ec7fdf4-74a7-4b75-baba-8c823d0e8300",
 "fields": {
  "ageUnder12": 0.0,
  "age12to13": 0.0,
  "age25to34": 0.0,
  "age35to44": 0.0,
  "tw_id": "",
  "age45to54": 0.0,
  "total": 0.0,
  "name": "Skillet Music",
  "age14to15": 0.0,
  "age55to64": 0.0,
  "age16to17": 0.0,
  "fb_id": "6483988719",
  "ageAbove65": 0.0,
  "age18to24": 0.0,
  "tw_handle": "",
  "fb_handle": "Skillet Music"
 }
},
{
 "model": "socialage.page",
 "pk": "22a8844a-d76a-4a27-88ac-82c9cea7e296",
 "fields": {
  "ageUnder12": 0.0,
  "age12to13": 0.0,
  "age25to34": 0.0,
  "age35to44": 0.0,
  "tw_id": "",
  "age45to54": 0.0,
  "total": 0.0,
  "name": "Peter Chao",
  "age14to15": 0.0,
  "age55to64": 0.0,
  "age16to17": 0.0,
  "fb_id": "94496612290",
  "ageAbove65": 0.0,
  "age18to24": 0.0,
  "tw_handle": "",
  "fb_handle": "Peter Chao"
 }
},
{
 "model": "socialage.page",
 "pk": "22c51048-77d1-4d8f-beb5-6adf4ab5efbf",
 "fields": {
  "ageUnder12": 0.0,
  "age12to13": 0.0,
  "age25to34": 0.0,
  "age35to44": 0.0,
  "tw_id": "",
  "age45to54": 0.0,
  "total": 0.0,
  "name": "DoCSoc",
  "age14to15": 0.0,
  "age55to64": 0.0,
  "age16to17": 0.0,
  "fb_id": "532842050065682",
  "ageAbove65": 0.0,
  "age18to24": 0.0,
  "tw_handle": "",
  "fb_handle": "DoCSoc"
 }
},
{
 "model": "socialage.page",
 "pk": "2486615e-26d2-4429-86b5-7dd3aac6bfd1",
 "fields": {
  "ageUnder12": 0.0,
  "age12to13": 0.0,
  "age25to34": 0.0,
  "age35to44": 0.0,
  "tw_id": "",
  "age45to54": 0.0,
  "total": 0.0,
  "name": "ALTERDUDES",
  "age14to15": 0.0,
  "age55to64": 0.0,
  "age16to17": 0.0,
  "fb_id": "175332475859764",
  "ageAbove65": 0.0,
  "age18to24": 0.0,
  "tw_handle": "",
  "fb_handle": "ALTERDUDES"
 }
},
{
 "model": "socialage.page",
 "pk": "2bb35a53-d9e9-4e49-85a0-12d49fe56c8b",
 "fields": {
  "ageUnder12": 0.0,
  "age12to13": 0.0,
  "age25to34": 0.0,
  "age35to44": 0.0,
  "tw_id": "",
  "age45to54": 0.0,
  "total": 0.0,
  "name": "Kobe Bryant",
  "age14to15": 0.0,
  "age55to64": 0.0,
  "age16to17": 0.0,
  "fb_id": "69025400418",
  "ageAbove65": 0.0,
  "age18to24": 0.0,
  "tw_handle": "",
  "fb_handle": "Kobe Bryant"
 }
},
{
 "model": "socialage.page",
 "pk": "31adfae4-4056-4901-b957-9e1567172b17",
 "fields": {
  "ageUnder12": 0.0,
  "age12to13": 0.0,
  "age25to34": 0.0,
  "age35to44": 0.0,
  "tw_id": "",
  "age45to54": 0.0,
  "total": 0.0,
  "name": "Hewlett-Packard",
  "age14to15": 0.0,
  "age55to64": 0.0,
  "age16to17": 0.0,
  "fb_id": "108642545826733",
  "ageAbove65": 0.0,
  "age18to24": 0.0,
  "tw_handle": "",
  "fb_handle": "Hewlett-Packard"
 }
},
{
 "model": "socialage.page",
 "pk": "362add06-eacc-4492-9fa4-361cddeade79",
 "fields": {
  "ageUnder12": 0.0,
  "age12to13": 0.0,
  "age25to34": 0.0,
  "age35to44": 0.0,
  "tw_id": "",
  "age45to54": 0.0,
  "total": 0.0,
  "name": "Intel",
  "age14to15": 0.0,
  "age55to64": 0.0,
  "age16to17": 0.0,
  "fb_id": "22707976849",
  "ageAbove65": 0.0,
  "age18to24": 0.0,
  "tw_handle": "",
  "fb_handle": "Intel"
 }
},
{
 "model": "socialage.page",
 "pk": "36d4e75c-fa90-4854-acc5-62a202c81107",
 "fields": {
  "ageUnder12": 0.0,
  "age12to13": 0.0,
  "age25to34": 0.0,
  "age35to44": 0.0,
  "tw_id": "",
  "age45to54": 0.0,
  "total": 0.0,
  "name": "Bill Gates",
  "age14to15": 0.0,
  "age55to64": 0.0,
  "age16to17": 0.0,
  "fb_id": "216311481960",
  "ageAbove65": 0.0,
  "age18to24": 0.0,
  "tw_handle": "",
  "fb_handle": "Bill Gates"
 }
},
{
 "model": "socialage.page",
 "pk": "396704e1-c808-4afc-915e-9fe572171f13",
 "fields": {
  "ageUnder12": 0.0,
  "age12to13": 0.0,
  "age25to34": 0.0,
  "age35to44": 0.0,
  "tw_id": "",
  "age45to54": 0.0,
  "total": 0.0,
  "name": "\u65b0\u5e74\u9017\u591aD\u5229\u662f,\u6700\u597d\u5927\u5c01D$$$$$$$$$$$$$$$$$$$$$$$$$$$$$$$$$$$$$$$$$$$$$$$$$$$$$$$$$$$$$$",
  "age14to15": 0.0,
  "age55to64": 0.0,
  "age16to17": 0.0,
  "fb_id": "297733093067",
  "ageAbove65": 0.0,
  "age18to24": 0.0,
  "tw_handle": "",
  "fb_handle": "\u65b0\u5e74\u9017\u591aD\u5229\u662f,\u6700\u597d\u5927\u5c01D$$$$$$$$$$$$$$$$$$$$$$$$$$$$$$$$$$$$$$$$$$$$$$$$$$$$$$$$$$$$$$"
 }
},
{
 "model": "socialage.page",
 "pk": "3ba77111-46d9-4a3a-95b0-63f7eedc89ac",
 "fields": {
  "ageUnder12": 0.0,
  "age12to13": 0.0,
  "age25to34": 0.0,
  "age35to44": 0.0,
  "tw_id": "",
  "age45to54": 0.0,
  "total": 0.0,
  "name": "VSA Vectis - Student Council Candidate",
  "age14to15": 0.0,
  "age55to64": 0.0,
  "age16to17": 0.0,
  "fb_id": "133393180087386",
  "ageAbove65": 0.0,
  "age18to24": 0.0,
  "tw_handle": "",
  "fb_handle": "VSA Vectis - Student Council Candidate"
 }
},
{
 "model": "socialage.page",
 "pk": "410f6404-2edc-4f37-bbb1-c1f1df79ef65",
 "fields": {
  "ageUnder12": 0.0,
  "age12to13": 0.0,
  "age25to34": 0.0,
  "age35to44": 0.0,
  "tw_id": "",
  "age45to54": 0.0,
  "total": 0.0,
  "name": "Ignition - 2011-2012 VSA Student Association Candidate",
  "age14to15": 0.0,
  "age55to64": 0.0,
  "age16to17": 0.0,
  "fb_id": "237728429604891",
  "ageAbove65": 0.0,
  "age18to24": 0.0,
  "tw_handle": "",
  "fb_handle": "Ignition - 2011-2012 VSA Student Association Candidate"
 }
},
{
 "model": "socialage.page",
 "pk": "421e988c-197f-43a2-af0f-fd12bc1aa30a",
 "fields": {
  "ageUnder12": 0.0,
  "age12to13": 0.0,
  "age25to34": 0.0,
  "age35to44": 0.0,
  "tw_id": "",
  "age45to54": 0.0,
  "total": 0.0,
  "name": "Windows",
  "age14to15": 0.0,
  "age55to64": 0.0,
  "age16to17": 0.0,
  "fb_id": "137166877101",
  "ageAbove65": 0.0,
  "age18to24": 0.0,
  "tw_handle": "",
  "fb_handle": "Windows"
 }
},
{
 "model": "socialage.page",
 "pk": "45a9a144-5d36-4c90-9ce2-8fe9971f7e92",
 "fields": {
  "ageUnder12": 0.0,
  "age12to13": 0.0,
  "age25to34": 0.0,
  "age35to44": 0.0,
  "tw_id": "",
  "age45to54": 0.0,
  "total": 0.0,
  "name": "COD: Black Ops 2",
  "age14to15": 0.0,
  "age55to64": 0.0,
  "age16to17": 0.0,
  "fb_id": "125211420961013",
  "ageAbove65": 0.0,
  "age18to24": 0.0,
  "tw_handle": "",
  "fb_handle": "COD: Black Ops 2"
 }
},
{
 "model": "socialage.page",
 "pk": "49b9d476-8d85-4fd2-9ed2-7ba339b66694",
 "fields": {
  "ageUnder12": 0.0,
  "age12to13": 0.0,
  "age25to34": 0.0,
  "age35to44": 0.0,
  "tw_id": "",
  "age45to54": 0.0,
  "total": 0.0,
  "name": "Barack Obama",
  "age14to15": 0.0,
  "age55to64": 0.0,
  "age16to17": 0.0,
  "fb_id": "6815841748",
  "ageAbove65": 0.0,
  "age18to24": 0.0,
  "tw_handle": "",
  "fb_handle": "Barack Obama"
 }
},
{
 "model": "socialage.page",
 "pk": "50d754b5-6b8f-490e-bb2d-47403236e4df",
 "fields": {
  "ageUnder12": 0.0,
  "age12to13": 0.0,
  "age25to34": 0.0,
  "age35to44": 0.0,
  "tw_id": "",
  "age45to54": 0.0,
  "total": 0.0,
  "name": "Hangov3rs",
  "age14to15": 0.0,
  "age55to64": 0.0,
  "age16to17": 0.0,
  "fb_id": "248640268564937",
  "ageAbove65": 0.0,
  "age18to24": 0.0,
  "tw_handle": "",
  "fb_handle": "Hangov3rs"
 }
},
{
 "model": "socialage.page",
 "pk": "561b8d74-55ad-485c-985d-21644504c4e6",
 "fields": {
  "ageUnder12": 0.0,
  "age12to13": 0.0,
  "age25to34": 0.0,
  "age35to44": 0.0,
  "tw_id": "",
  "age45to54": 0.0,
  "total": 0.0,
  "name": "Earth Hour",
  "age14to15": 0.0,
  "age55to64": 0.0,
  "age16to17": 0.0,
  "fb_id": "6867084435",
  "ageAbove65": 0.0,
  "age18to24": 0.0,
  "tw_handle": "",
  "fb_handle": "Earth Hour"
 }
},
{
 "model": "socialage.page",
 "pk": "5787d392-6980-4145-a2d4-a9154c01d98b",
 "fields": {
  "ageUnder12": 0.0,
  "age12to13": 0.0,
  "age25to34": 0.0,
  "age35to44": 0.0,
  "tw_id": "",
  "age45to54": 0.0,
  "total": 0.0,
  "name": "Cobus Potgieter",
  "age14to15": 0.0,
  "age55to64": 0.0,
  "age16to17": 0.0,
  "fb_id": "18074843749",
  "ageAbove65": 0.0,
  "age18to24": 0.0,
  "tw_handle": "",
  "fb_handle": "Cobus Potgieter"
 }
},
{
 "model": "socialage.page",
 "pk": "57f16ab5-949a-4ed1-9a18-0895972fa3b6",
 "fields": {
  "ageUnder12": 0.0,
  "age12to13": 0.0,
  "age25to34": 0.0,
  "age35to44": 0.0,
  "tw_id": "",
  "age45to54": 0.0,
  "total": 0.0,
  "name": "Bible",
  "age14to15": 0.0,
  "age55to64": 0.0,
  "age16to17": 0.0,
  "fb_id": "104112892957168",
  "ageAbove65": 0.0,
  "age18to24": 0.0,
  "tw_handle": "",
  "fb_handle": "Bible"
 }
},
{
 "model": "socialage.page",
 "pk": "5adfb215-19be-411f-9fed-de70a65a60ff",
 "fields": {
  "ageUnder12": 0.0,
  "age12to13": 0.0,
  "age25to34": 0.0,
  "age35to44": 0.0,
  "tw_id": "",
  "age45to54": 0.0,
  "total": 0.0,
  "name": "The Sound Lab Hong Kong",
  "age14to15": 0.0,
  "age55to64": 0.0,
  "age16to17": 0.0,
  "fb_id": "422850564415788",
  "ageAbove65": 0.0,
  "age18to24": 0.0,
  "tw_handle": "",
  "fb_handle": "The Sound Lab Hong Kong"
 }
},
{
 "model": "socialage.page",
 "pk": "5bd550f3-5672-4a69-9c5f-4d4daabf9378",
 "fields": {
  "ageUnder12": 0.0,
  "age12to13": 0.0,
  "age25to34": 0.0,
  "age35to44": 0.0,
  "tw_id": "",
  "age45to54": 0.0,
  "total": 0.0,
  "name": "Microsoft",
  "age14to15": 0.0,
  "age55to64": 0.0,
  "age16to17": 0.0,
  "fb_id": "20528438720",
  "ageAbove65": 0.0,
  "age18to24": 0.0,
  "tw_handle": "",
  "fb_handle": "Microsoft"
 }
},
{
 "model": "socialage.page",
 "pk": "5fff754d-4eb0-47ec-b7f5-a698745d82ae",
 "fields": {
  "ageUnder12": 0.0,
  "age12to13": 0.0,
  "age25to34": 0.0,
  "age35to44": 0.0,
  "tw_id": "",
  "age45to54": 0.0,
  "total": 0.0,
  "name": "Adobe Photoshop",
  "age14to15": 0.0,
  "age55to64": 0.0,
  "age16to17": 0.0,
  "fb_id": "6147239684",
  "ageAbove65": 0.0,
  "age18to24": 0.0,
  "tw_handle": "",
  "fb_handle": "Adobe Photoshop"
 }
},
{
 "model": "socialage.page",
 "pk": "61660870-ccad-4c95-9f46-9f048b865126",
 "fields": {
  "ageUnder12": 0.0,
  "age12to13": 0.0,
  "age25to34": 0.0,
  "age35to44": 0.0,
  "tw_id": "",
  "age45to54": 0.0,
  "total": 0.0,
  "name": "Royal College of Science Union (RCSU)",
  "age14to15": 0.0,
  "age55to64": 0.0,
  "age16to17": 0.0,
  "fb_id": "83336780194",
  "ageAbove65": 0.0,
  "age18to24": 0.0,
  "tw_handle": "",
  "fb_handle": "Royal College of Science Union (RCSU)"
 }
},
{
 "model": "socialage.page",
 "pk": "65dad119-ea87-43ed-8e6a-18bf366fdea3",
 "fields": {
  "ageUnder12": 0.0,
  "age12to13": 0.0,
  "age25to34": 0.0,
  "age35to44": 0.0,
  "tw_id": "",
  "age45to54": 0.0,
  "total": 0.0,
  "name": "League of Legends",
  "age14to15": 0.0,
  "age55to64": 0.0,
  "age16to17": 0.0,
  "fb_id": "82061850555",
  "ageAbove65": 0.0,
  "age18to24": 0.0,
  "tw_handle": "",
  "fb_handle": "League of Legends"
 }
},
{
 "model": "socialage.page",
 "pk": "6d5c3b46-8d71-4e42-afa4-0ea2ecdb859a",
 "fields": {
  "ageUnder12": 0.0,
  "age12to13": 0.0,
  "age25to34": 0.0,
  "age35to44": 0.0,
  "tw_id": "",
  "age45to54": 0.0,
  "total": 0.0,
  "name": "COED",
  "age14to15": 0.0,
  "age55to64": 0.0,
  "age16to17": 0.0,
  "fb_id": "112025945495938",
  "ageAbove65": 0.0,
  "age18to24": 0.0,
  "tw_handle": "",
  "fb_handle": "COED"
 }
},
{
 "model": "socialage.page",
 "pk": "70af0037-42ac-4ab4-8f4f-01cfa81b73cb",
 "fields": {
  "ageUnder12": 0.0,
  "age12to13": 0.0,
  "age25to34": 0.0,
  "age35to44": 0.0,
  "tw_id": "",
  "age45to54": 0.0,
  "total": 0.0,
  "name": "Nutella",
  "age14to15": 0.0,
  "age55to64": 0.0,
  "age16to17": 0.0,
  "fb_id": "167789746639912",
  "ageAbove65": 0.0,
  "age18to24": 0.0,
  "tw_handle": "",
  "fb_handle": "Nutella"
 }
},
{
 "model": "socialage.page",
 "pk": "76d4a443-afa1-4033-95d2-9d46bcae8e8e",
 "fields": {
  "ageUnder12": 0.0,
  "age12to13": 0.0,
  "age25to34": 0.0,
  "age35to44": 0.0,
  "tw_id": "",
  "age45to54": 0.0,
  "total": 0.0,
  "name": "Avenged Sevenfold",
  "age14to15": 0.0,
  "age55to64": 0.0,
  "age16to17": 0.0,
  "fb_id": "8308655582",
  "ageAbove65": 0.0,
  "age18to24": 0.0,
  "tw_handle": "",
  "fb_handle": "Avenged Sevenfold"
 }
},
{
 "model": "socialage.page",
 "pk": "7d5f6f44-5226-4f82-996d-ce10a2e597f6",
 "fields": {
  "ageUnder12": 0.0,
  "age12to13": 0.0,
  "age25to34": 0.0,
  "age35to44": 0.0,
  "tw_id": "",
  "age45to54": 0.0,
  "total": 0.0,
  "name": "The 10 Lies Girls Tell Guys All The Time! (Including Explanations)",
  "age14to15": 0.0,
  "age55to64": 0.0,
  "age16to17": 0.0,
  "fb_id": "111323422239748",
  "ageAbove65": 0.0,
  "age18to24": 0.0,
  "tw_handle": "",
  "fb_handle": "The 10 Lies Girls Tell Guys All The Time! (Including Explanations)"
 }
},
{
 "model": "socialage.page",
 "pk": "80158aff-b066-4e34-b6f7-35da78958304",
 "fields": {
  "ageUnder12": 0.0,
  "age12to13": 0.0,
  "age25to34": 0.0,
  "age35to44": 0.0,
  "tw_id": "",
  "age45to54": 0.0,
  "total": 0.0,
  "name": "RuneScape",
  "age14to15": 0.0,
  "age55to64": 0.0,
  "age16to17": 0.0,
  "fb_id": "59261801728",
  "ageAbove65": 0.0,
  "age18to24": 0.0,
  "tw_handle": "",
  "fb_handle": "RuneScape"
 }
},
{
 "model": "socialage.page",
 "pk": "81091eb4-4da2-4af5-a976-7406e500e0db",
 "fields": {
  "ageUnder12": 0.0,
  "age12to13": 0.0,
  "age25to34": 0.0,
  "age35to44": 0.0,
  "tw_id": "",
  "age45to54": 0.0,
  "total": 0.0,
  "name": "Ocelote",
  "age14to15": 0.0,
  "age55to64": 0.0,
  "age16to17": 0.0,
  "fb_id": "112384428852198",
  "ageAbove65": 0.0,
  "age18to24": 0.0,
  "tw_handle": "",
  "fb_handle": "Ocelote"
 }
},
{
 "model": "socialage.page",
 "pk": "8268d411-2957-4fae-a731-3e2f92823ae1",
 "fields": {
  "ageUnder12": 0.0,
  "age12to13": 0.0,
  "age25to34": 0.0,
  "age35to44": 0.0,
  "tw_id": "",
  "age45to54": 0.0,
  "total": 0.0,
  "name": "Imperial Chinese Society",
  "age14to15": 0.0,
  "age55to64": 0.0,
  "age16to17": 0.0,
  "fb_id": "343281649201700",
  "ageAbove65": 0.0,
  "age18to24": 0.0,
  "tw_handle": "",
  "fb_handle": "Imperial Chinese Society"
 }
},
{
 "model": "socialage.page",
 "pk": "83a711f7-c8a2-4b2f-96d6-14a91e542810",
 "fields": {
  "ageUnder12": 0.0,
  "age12to13": 0.0,
  "age25to34": 0.0,
  "age35to44": 0.0,
  "tw_id": "",
  "age45to54": 0.0,
  "total": 0.0,
  "name": "E.F.C.C.- Yan Fook Church",
  "age14to15": 0.0,
  "age55to64": 0.0,
  "age16to17": 0.0,
  "fb_id": "197525753595320",
  "ageAbove65": 0.0,
  "age18to24": 0.0,
  "tw_handle": "",
  "fb_handle": "E.F.C.C.- Yan Fook Church"
 }
},
{
 "model": "socialage.page",
 "pk": "89ad0e06-d2e7-4f8d-b5da-17a5d202f657",
 "fields": {
  "ageUnder12": 0.0,
  "age12to13": 0.0,
  "age25to34": 0.0,
  "age35to44": 0.0,
  "tw_id": "",
  "age45to54": 0.0,
  "total": 0.0,
  "name": "5 Gum HK",
  "age14to15": 0.0,
  "age55to64": 0.0,
  "age16to17": 0.0,
  "fb_id": "433692000281",
  "ageAbove65": 0.0,
  "age18to24": 0.0,
  "tw_handle": "",
  "fb_handle": "5 Gum HK"
 }
},
{
 "model": "socialage.page",
 "pk": "8c9b8a83-a025-4bd6-a793-f187a5141e1f",
 "fields": {
  "ageUnder12": 0.0,
  "age12to13": 0.0,
  "age25to34": 0.0,
  "age35to44": 0.0,
  "tw_id": "",
  "age45to54": 0.0,
  "total": 0.0,
  "name": "Martin 'Rekkles' Larsson",
  "age14to15": 0.0,
  "age55to64": 0.0,
  "age16to17": 0.0,
  "fb_id": "139581659506456",
  "ageAbove65": 0.0,
  "age18to24": 0.0,
  "tw_handle": "",
  "fb_handle": "Martin 'Rekkles' Larsson"
 }
},
{
 "model": "socialage.page",
 "pk": "8fb3268f-5570-4aad-851c-ff9f18c0b004",
 "fields": {
  "ageUnder12": 0.0,
  "age12to13": 0.0,
  "age25to34": 0.0,
  "age35to44": 0.0,
  "tw_id": "",
  "age45to54": 0.0,
  "total": 0.0,
  "name": "Levite | Student Council Candidate hi (2069)",
  "age14to15": 0.0,
  "age55to64": 0.0,
  "age16to17": 0.0,
  "fb_id": "363029670440290",
  "ageAbove65": 0.0,
  "age18to24": 0.0,
  "tw_handle": "",
  "fb_handle": "Levite | Student Council Candidate hi (2069)"
 }
},
{
 "model": "socialage.page",
 "pk": "95a6cbae-9604-4603-9a98-3e6cbda6ae51",
 "fields": {
  "ageUnder12": 0.0,
  "age12to13": 0.0,
  "age25to34": 0.0,
  "age35to44": 0.0,
  "tw_id": "",
  "age45to54": 0.0,
  "total": 0.0,
  "name": "Toyz",
  "age14to15": 0.0,
  "age55to64": 0.0,
  "age16to17": 0.0,
  "fb_id": "309400622452706",
  "ageAbove65": 0.0,
  "age18to24": 0.0,
  "tw_handle": "",
  "fb_handle": "Toyz"
 }
},
{
 "model": "socialage.page",
 "pk": "96f17e79-a1b3-4354-9406-ae3712d64ec4",
 "fields": {
  "ageUnder12": 0.0,
  "age12to13": 0.0,
  "age25to34": 0.0,
  "age35to44": 0.0,
  "tw_id": "",
  "age45to54": 0.0,
  "total": 0.0,
  "name": "Visual Basic",
  "age14to15": 0.0,
  "age55to64": 0.0,
  "age16to17": 0.0,
  "fb_id": "108613169163390",
  "ageAbove65": 0.0,
  "age18to24": 0.0,
  "tw_handle": "",
  "fb_handle": "Visual Basic"
 }
},
{
 "model": "socialage.page",
 "pk": "9719f736-f437-42e0-99ac-79461b96cfcc",
 "fields": {
  "ageUnder12": 0.0,
  "age12to13": 0.0,
  "age25to34": 0.0,
  "age35to44": 0.0,
  "tw_id": "",
  "age45to54": 0.0,
  "total": 0.0,
  "name": "Breaking Benjamin",
  "age14to15": 0.0,
  "age55to64": 0.0,
  "age16to17": 0.0,
  "fb_id": "5697393167",
  "ageAbove65": 0.0,
  "age18to24": 0.0,
  "tw_handle": "",
  "fb_handle": "Breaking Benjamin"
 }
},
{
 "model": "socialage.page",
 "pk": "9d838df4-fd8e-4cf3-8890-50f9a11e2bef",
 "fields": {
  "ageUnder12": 0.0,
  "age12to13": 0.0,
  "age25to34": 0.0,
  "age35to44": 0.0,
  "tw_id": "",
  "age45to54": 0.0,
  "total": 0.0,
  "name": "Albert Einstein",
  "age14to15": 0.0,
  "age55to64": 0.0,
  "age16to17": 0.0,
  "fb_id": "12534674842",
  "ageAbove65": 0.0,
  "age18to24": 0.0,
  "tw_handle": "",
  "fb_handle": "Albert Einstein"
 }
},
{
 "model": "socialage.page",
 "pk": "a3464d4b-cc93-407f-b938-00c53af31d59",
 "fields": {
  "ageUnder12": 0.0,
  "age12to13": 0.0,
  "age25to34": 0.0,
  "age35to44": 0.0,
  "tw_id": "",
  "age45to54": 0.0,
  "total": 0.0,
  "name": "Rubik's",
  "age14to15": 0.0,
  "age55to64": 0.0,
  "age16to17": 0.0,
  "fb_id": "101637756553222",
  "ageAbove65": 0.0,
  "age18to24": 0.0,
  "tw_handle": "",
  "fb_handle": "Rubik's"
 }
},
{
 "model": "socialage.page",
 "pk": "a3967b40-270d-4d7c-a469-5a4f604df579",
 "fields": {
  "ageUnder12": 0.0,
  "age12to13": 0.0,
  "age25to34": 0.0,
  "age35to44": 0.0,
  "tw_id": "",
  "age45to54": 0.0,
  "total": 0.0,
  "name": "Sugary Hearts - \u751c\u871c\u4e4b\u5fc3",
  "age14to15": 0.0,
  "age55to64": 0.0,
  "age16to17": 0.0,
  "fb_id": "201139149929355",
  "ageAbove65": 0.0,
  "age18to24": 0.0,
  "tw_handle": "",
  "fb_handle": "Sugary Hearts - \u751c\u871c\u4e4b\u5fc3"
 }
},
{
 "model": "socialage.page",
 "pk": "a636f934-0a1c-468c-9ba7-1910d891ccac",
 "fields": {
  "ageUnder12": 0.0,
  "age12to13": 0.0,
  "age25to34": 0.0,
  "age35to44": 0.0,
  "tw_id": "",
  "age45to54": 0.0,
  "total": 0.0,
  "name": "VSA Photography Team",
  "age14to15": 0.0,
  "age55to64": 0.0,
  "age16to17": 0.0,
  "fb_id": "100494043469033",
  "ageAbove65": 0.0,
  "age18to24": 0.0,
  "tw_handle": "",
  "fb_handle": "VSA Photography Team"
 }
},
{
 "model": "socialage.page",
 "pk": "aa4855de-00ec-49f4-8ae7-14a68353bece",
 "fields": {
  "ageUnder12": 0.0,
  "age12to13": 0.0,
  "age25to34": 0.0,
  "age35to44": 0.0,
  "tw_id": "",
  "age45to54": 0.0,
  "total": 0.0,
  "name": "HotshotGG",
  "age14to15": 0.0,
  "age55to64": 0.0,
  "age16to17": 0.0,
  "fb_id": "208025005879548",
  "ageAbove65": 0.0,
  "age18to24": 0.0,
  "tw_handle": "",
  "fb_handle": "HotshotGG"
 }
},
{
 "model": "socialage.page",
 "pk": "b0ec6342-b9fa-4ae9-a695-661160c2480a",
 "fields": {
  "ageUnder12": 0.0,
  "age12to13": 0.0,
  "age25to34": 0.0,
  "age35to44": 0.0,
  "tw_id": "",
  "age45to54": 0.0,
  "total": 0.0,
  "name": "Trollface",
  "age14to15": 0.0,
  "age55to64": 0.0,
  "age16to17": 0.0,
  "fb_id": "116616581692281",
  "ageAbove65": 0.0,
  "age18to24": 0.0,
  "tw_handle": "",
  "fb_handle": "Trollface"
 }
},
{
 "model": "socialage.page",
 "pk": "b78b727c-e2af-4c7c-9614-0e6aa61647e3",
 "fields": {
  "ageUnder12": 0.0,
  "age12to13": 0.0,
  "age25to34": 0.0,
  "age35to44": 0.0,
  "tw_id": "",
  "age45to54": 0.0,
  "total": 0.0,
  "name": "Henrik \"Froggen\" Hansen",
  "age14to15": 0.0,
  "age55to64": 0.0,
  "age16to17": 0.0,
  "fb_id": "122294291213468",
  "ageAbove65": 0.0,
  "age18to24": 0.0,
  "tw_handle": "",
  "fb_handle": "Henrik \"Froggen\" Hansen"
 }
},
{
 "model": "socialage.page",
 "pk": "b7a5d142-8ccb-4949-99c3-6b7f3d01ead0",
 "fields": {
  "ageUnder12": 0.0,
  "age12to13": 0.0,
  "age25to34": 0.0,
  "age35to44": 0.0,
  "tw_id": "",
  "age45to54": 0.0,
  "total": 0.0,
  "name": "Levite | VSA Student Council Candidate (2011-2012)",
  "age14to15": 0.0,
  "age55to64": 0.0,
  "age16to17": 0.0,
  "fb_id": "213455698696101",
  "ageAbove65": 0.0,
  "age18to24": 0.0,
  "tw_handle": "",
  "fb_handle": "Levite | VSA Student Council Candidate (2011-2012)"
 }
},
{
 "model": "socialage.page",
 "pk": "b8298263-c257-4966-b91f-60fb921ad1df",
 "fields": {
  "ageUnder12": 0.0,
  "age12to13": 0.0,
  "age25to34": 0.0,
  "age35to44": 0.0,
  "tw_id": "",
  "age45to54": 0.0,
  "total": 0.0,
  "name": "The 10 Lies Guys Tell Girls All The Time!",
  "age14to15": 0.0,
  "age55to64": 0.0,
  "age16to17": 0.0,
  "fb_id": "111366872233962",
  "ageAbove65": 0.0,
  "age18to24": 0.0,
  "tw_handle": "",
  "fb_handle": "The 10 Lies Guys Tell Girls All The Time!"
 }
},
{
 "model": "socialage.page",
 "pk": "b8f538c9-c0ed-410a-81e0-d0c4eaa4b2f9",
 "fields": {
  "ageUnder12": 0.0,
  "age12to13": 0.0,
  "age25to34": 0.0,
  "age35to44": 0.0,
  "tw_id": "",
  "age45to54": 0.0,
  "total": 0.0,
  "name": "Telunas Resorts",
  "age14to15": 0.0,
  "age55to64": 0.0,
  "age16to17": 0.0,
  "fb_id": "114167495289627",
  "ageAbove65": 0.0,
  "age18to24": 0.0,
  "tw_handle": "",
  "fb_handle": "Telunas Resorts"
 }
},
{
 "model": "socialage.page",
 "pk": "b8fe6ab6-6268-4f13-b19d-d1e542193012",
 "fields": {
  "ageUnder12": 0.0,
  "age12to13": 0.0,
  "age25to34": 0.0,
  "age35to44": 0.0,
  "tw_id": "",
  "age45to54": 0.0,
  "total": 0.0,
  "name": "Will Smith",
  "age14to15": 0.0,
  "age55to64": 0.0,
  "age16to17": 0.0,
  "fb_id": "92304305160",
  "ageAbove65": 0.0,
  "age18to24": 0.0,
  "tw_handle": "",
  "fb_handle": "Will Smith"
 }
},
{
 "model": "socialage.page",
 "pk": "bb1ff81c-a54a-4f8a-a1c6-a292a64f98b1",
 "fields": {
  "ageUnder12": 0.0,
  "age12to13": 0.0,
  "age25to34": 0.0,
  "age35to44": 0.0,
  "tw_id": "",
  "age45to54": 0.0,
  "total": 0.0,
  "name": "\u4e2d\u570b\u57fa\u7763\u6559\u64ad\u9053\u6703\u6069\u798f\u5802",
  "age14to15": 0.0,
  "age55to64": 0.0,
  "age16to17": 0.0,
  "fb_id": "180122462026861",
  "ageAbove65": 0.0,
  "age18to24": 0.0,
  "tw_handle": "",
  "fb_handle": "\u4e2d\u570b\u57fa\u7763\u6559\u64ad\u9053\u6703\u6069\u798f\u5802"
 }
},
{
 "model": "socialage.page",
 "pk": "bce6639b-6f6c-43c8-b51c-bc2006d51f52",
 "fields": {
  "ageUnder12": 0.0,
  "age12to13": 0.0,
  "age25to34": 0.0,
  "age35to44": 0.0,
  "tw_id": "",
  "age45to54": 0.0,
  "total": 0.0,
  "name": "Facebook",
  "age14to15": 0.0,
  "age55to64": 0.0,
  "age16to17": 0.0,
  "fb_id": "20531316728",
  "ageAbove65": 0.0,
  "age18to24": 0.0,
  "tw_handle": "",
  "fb_handle": "Facebook"
 }
},
{
 "model": "socialage.page",
 "pk": "c4a7bf74-5d57-464e-9aa0-c09a6a0c4711",
 "fields": {
  "ageUnder12": 0.0,
  "age12to13": 0.0,
  "age25to34": 0.0,
  "age35to44": 0.0,
  "tw_id": "",
  "age45to54": 0.0,
  "total": 0.0,
  "name": "Fucked Up Facts",
  "age14to15": 0.0,
  "age55to64": 0.0,
  "age16to17": 0.0,
  "fb_id": "127282544028889",
  "ageAbove65": 0.0,
  "age18to24": 0.0,
  "tw_handle": "",
  "fb_handle": "Fucked Up Facts"
 }
},
{
 "model": "socialage.page",
 "pk": "ca71cce1-0775-4957-b766-8f8b3e21d105",
 "fields": {
  "ageUnder12": 0.0,
  "age12to13": 0.0,
  "age25to34": 0.0,
  "age35to44": 0.0,
  "tw_id": "",
  "age45to54": 0.0,
  "total": 0.0,
  "name": "Studio Kylin",
  "age14to15": 0.0,
  "age55to64": 0.0,
  "age16to17": 0.0,
  "fb_id": "476841455746626",
  "ageAbove65": 0.0,
  "age18to24": 0.0,
  "tw_handle": "",
  "fb_handle": "Studio Kylin"
 }
},
{
 "model": "socialage.page",
 "pk": "ce821c5f-978d-4e17-ae70-6fb15136d6d9",
 "fields": {
  "ageUnder12": 0.0,
  "age12to13": 0.0,
  "age25to34": 0.0,
  "age35to44": 0.0,
  "tw_id": "",
  "age45to54": 0.0,
  "total": 0.0,
  "name": "Microsoft Community Contributor",
  "age14to15": 0.0,
  "age55to64": 0.0,
  "age16to17": 0.0,
  "fb_id": "113784705335192",
  "ageAbove65": 0.0,
  "age18to24": 0.0,
  "tw_handle": "",
  "fb_handle": "Microsoft Community Contributor"
 }
},
{
 "model": "socialage.page",
 "pk": "ceb20e13-913b-461f-a62c-7b02b23b7214",
 "fields": {
  "ageUnder12": 0.0,
  "age12to13": 0.0,
  "age25to34": 0.0,
  "age35to44": 0.0,
  "tw_id": "",
  "age45to54": 0.0,
  "total": 0.0,
  "name": "Top 10 FMLs of All Time!",
  "age14to15": 0.0,
  "age55to64": 0.0,
  "age16to17": 0.0,
  "fb_id": "111316008904288",
  "ageAbove65": 0.0,
  "age18to24": 0.0,
  "tw_handle": "",
  "fb_handle": "Top 10 FMLs of All Time!"
 }
},
{
 "model": "socialage.page",
 "pk": "ceeb7f2a-1166-42dc-812b-0c5f409d623a",
 "fields": {
  "ageUnder12": 0.0,
  "age12to13": 0.0,
  "age25to34": 0.0,
  "age35to44": 0.0,
  "tw_id": "",
  "age45to54": 0.0,
  "total": 0.0,
  "name": "S.C.H.O.O.L = Six Crazy Hours Of Our Lives",
  "age14to15": 0.0,
  "age55to64": 0.0,
  "age16to17": 0.0,
  "fb_id": "312894346379",
  "ageAbove65": 0.0,
  "age18to24": 0.0,
  "tw_handle": "",
  "fb_handle": "S.C.H.O.O.L = Six Crazy Hours Of Our Lives"
 }
},
{
 "model": "socialage.page",
 "pk": "d2d24c96-ad12-45d6-a90d-4909cdc0342c",
 "fields": {
  "ageUnder12": 0.0,
  "age12to13": 0.0,
  "age25to34": 0.0,
  "age35to44": 0.0,
  "tw_id": "",
  "age45to54": 0.0,
  "total": 0.0,
  "name": "EasyBib, Free Bibliographic Composer",
  "age14to15": 0.0,
  "age55to64": 0.0,
  "age16to17": 0.0,
  "fb_id": "8894255201",
  "ageAbove65": 0.0,
  "age18to24": 0.0,
  "tw_handle": "",
  "fb_handle": "EasyBib, Free Bibliographic Composer"
 }
},
{
 "model": "socialage.page",
 "pk": "d573775b-5ac0-43d8-974c-843bc6d3c742",
 "fields": {
  "ageUnder12": 0.0,
  "age12to13": 0.0,
  "age25to34": 0.0,
  "age35to44": 0.0,
  "tw_id": "",
  "age45to54": 0.0,
  "total": 0.0,
  "name": "Wikileaks",
  "age14to15": 0.0,
  "age55to64": 0.0,
  "age16to17": 0.0,
  "fb_id": "108734602494994",
  "ageAbove65": 0.0,
  "age18to24": 0.0,
  "tw_handle": "",
  "fb_handle": "Wikileaks"
 }
},
{
 "model": "socialage.page",
 "pk": "d9cb240d-a6c4-4a9f-80b2-e563d514625c",
 "fields": {
  "ageUnder12": 0.0,
  "age12to13": 0.0,
  "age25to34": 0.0,
  "age35to44": 0.0,
  "tw_id": "",
  "age45to54": 0.0,
  "total": 0.0,
  "name": "Law Students' Society, City University of Hong Kong Students' Union",
  "age14to15": 0.0,
  "age55to64": 0.0,
  "age16to17": 0.0,
  "fb_id": "515333901887743",
  "ageAbove65": 0.0,
  "age18to24": 0.0,
  "tw_handle": "",
  "fb_handle": "Law Students' Society, City University of Hong Kong Students' Union"
 }
},
{
 "model": "socialage.page",
 "pk": "dc3cc03b-bec9-4c5e-87e4-a583def80a2b",
 "fields": {
  "ageUnder12": 0.0,
  "age12to13": 0.0,
  "age25to34": 0.0,
  "age35to44": 0.0,
  "tw_id": "",
  "age45to54": 0.0,
  "total": 0.0,
  "name": "300 ways to get kicked out of W A  L M A R T >:D",
  "age14to15": 0.0,
  "age55to64": 0.0,
  "age16to17": 0.0,
  "fb_id": "325685696163",
  "ageAbove65": 0.0,
  "age18to24": 0.0,
  "tw_handle": "",
  "fb_handle": "300 ways to get kicked out of W A  L M A R T >:D"
 }
},
{
 "model": "socialage.page",
 "pk": "e2c14a0e-a0a8-47c3-8f42-e6157c993089",
 "fields": {
  "ageUnder12": 0.0,
  "age12to13": 0.0,
  "age25to34": 0.0,
  "age35to44": 0.0,
  "tw_id": "",
  "age45to54": 0.0,
  "total": 0.0,
  "name": "VSA Secrets",
  "age14to15": 0.0,
  "age55to64": 0.0,
  "age16to17": 0.0,
  "fb_id": "426198044143956",
  "ageAbove65": 0.0,
  "age18to24": 0.0,
  "tw_handle": "",
  "fb_handle": "VSA Secrets"
 }
},
{
 "model": "socialage.page",
 "pk": "e3be2213-ad5c-43c8-bbca-d5b8f6af1a62",
 "fields": {
  "ageUnder12": 0.0,
  "age12to13": 0.0,
  "age25to34": 0.0,
  "age35to44": 0.0,
  "tw_id": "",
  "age45to54": 0.0,
  "total": 0.0,
  "name": "Skype",
  "age14to15": 0.0,
  "age55to64": 0.0,
  "age16to17": 0.0,
  "fb_id": "29282006975",
  "ageAbove65": 0.0,
  "age18to24": 0.0,
  "tw_handle": "",
  "fb_handle": "Skype"
 }
},
{
 "model": "socialage.page",
 "pk": "e3f8aec0-7fc2-4bbb-8443-55ed106d64bf",
 "fields": {
  "ageUnder12": 0.0,
  "age12to13": 0.0,
  "age25to34": 0.0,
  "age35to44": 0.0,
  "tw_id": "",
  "age45to54": 0.0,
  "total": 0.0,
  "name": "Doublelift",
  "age14to15": 0.0,
  "age55to64": 0.0,
  "age16to17": 0.0,
  "fb_id": "236696726411632",
  "ageAbove65": 0.0,
  "age18to24": 0.0,
  "tw_handle": "",
  "fb_handle": "Doublelift"
 }
},
{
 "model": "socialage.page",
 "pk": "e567bf04-e211-411f-9e17-c94f6ce24191",
 "fields": {
  "ageUnder12": 0.0,
  "age12to13": 0.0,
  "age25to34": 0.0,
  "age35to44": 0.0,
  "tw_id": "",
  "age45to54": 0.0,
  "total": 0.0,
  "name": "Jeremy Lin \u6797\u66f8\u8c6a",
  "age14to15": 0.0,
  "age55to64": 0.0,
  "age16to17": 0.0,
  "fb_id": "1456505354584068",
  "ageAbove65": 0.0,
  "age18to24": 0.0,
  "tw_handle": "",
  "fb_handle": "Jeremy Lin \u6797\u66f8\u8c6a"
 }
},
{
 "model": "socialage.page",
 "pk": "fd856515-e4c1-4e67-9b20-a0105704a185",
 "fields": {
  "ageUnder12": 0.0,
  "age12to13": 0.0,
  "age25to34": 0.0,
  "age35to44": 0.0,
  "tw_id": "",
  "age45to54": 0.0,
  "total": 0.0,
  "name": "Invisible Children",
  "age14to15": 0.0,
  "age55to64": 0.0,
  "age16to17": 0.0,
  "fb_id": "8392031367",
  "ageAbove65": 0.0,
  "age18to24": 0.0,
  "tw_handle": "",
  "fb_handle": "Invisible Children"
 }
},
{
 "model": "socialage.page",
 "pk": "ff56efe8-d791-4365-baa7-7ff6a1f4c848",
 "fields": {
  "ageUnder12": 0.0,
  "age12to13": 0.0,
  "age25to34": 0.0,
  "age35to44": 0.0,
  "tw_id": "",
  "age45to54": 0.0,
  "total": 0.0,
  "name": "9GAG",
  "age14to15": 0.0,
  "age55to64": 0.0,
  "age16to17": 0.0,
  "fb_id": "21785951839",
  "ageAbove65": 0.0,
  "age18to24": 0.0,
  "tw_handle": "",
  "fb_handle": "9GAG"
 }
},
{
 "model": "socialage.facebookpagelike",
 "pk": 1305,
 "fields": {
  "time": "2015-10-15T16:22:07Z",
  "page": "550777688284144",
  "user": "10207913274857914"
 }
},
{
 "model": "socialage.facebookpagelike",
 "pk": 1306,
 "fields": {
  "time": "2015-10-08T23:45:21Z",
  "page": "294082113971532",
  "user": "10207913274857914"
 }
},
{
 "model": "socialage.facebookpagelike",
 "pk": 1307,
 "fields": {
  "time": "2015-07-24T12:39:50Z",
  "page": "926839154041215",
  "user": "10207913274857914"
 }
},
{
 "model": "socialage.facebookpagelike",
 "pk": 1308,
 "fields": {
  "time": "2015-07-14T20:54:35Z",
  "page": "478741792145231",
  "user": "10207913274857914"
 }
},
{
 "model": "socialage.facebookpagelike",
 "pk": 1309,
 "fields": {
  "time": "2015-05-25T10:41:31Z",
  "page": "306346909481210",
  "user": "10207913274857914"
 }
},
{
 "model": "socialage.facebookpagelike",
 "pk": 1310,
 "fields": {
  "time": "2015-04-16T11:23:35Z",
  "page": "465618843493646",
  "user": "10207913274857914"
 }
},
{
 "model": "socialage.facebookpagelike",
 "pk": 1311,
 "fields": {
  "time": "2015-04-16T11:20:29Z",
  "page": "151150171565753",
  "user": "10207913274857914"
 }
},
{
 "model": "socialage.facebookpagelike",
 "pk": 1312,
 "fields": {
  "time": "2015-04-15T13:39:19Z",
  "page": "1417966255184964",
  "user": "10207913274857914"
 }
},
{
 "model": "socialage.facebookpagelike",
 "pk": 1313,
 "fields": {
  "time": "2015-03-23T23:45:00Z",
  "page": "343281649201700",
  "user": "10207913274857914"
 }
},
{
 "model": "socialage.facebookpagelike",
 "pk": 1314,
 "fields": {
  "time": "2015-03-02T12:31:26Z",
  "page": "31987371885",
  "user": "10207913274857914"
 }
},
{
 "model": "socialage.facebookpagelike",
 "pk": 1315,
 "fields": {
  "time": "2015-03-02T12:31:08Z",
  "page": "233077380180",
  "user": "10207913274857914"
 }
},
{
 "model": "socialage.facebookpagelike",
 "pk": 1316,
 "fields": {
  "time": "2015-03-02T12:30:59Z",
  "page": "133954286636768",
  "user": "10207913274857914"
 }
},
{
 "model": "socialage.facebookpagelike",
 "pk": 1317,
 "fields": {
  "time": "2015-03-02T12:30:09Z",
  "page": "9445547199",
  "user": "10207913274857914"
 }
},
{
 "model": "socialage.facebookpagelike",
 "pk": 1318,
 "fields": {
  "time": "2015-01-29T17:16:33Z",
  "page": "646097672183782",
  "user": "10207913274857914"
 }
},
{
 "model": "socialage.facebookpagelike",
 "pk": 1319,
 "fields": {
  "time": "2014-12-21T05:59:59Z",
  "page": "139188202817559",
  "user": "10207913274857914"
 }
},
{
 "model": "socialage.facebookpagelike",
 "pk": 1320,
 "fields": {
  "time": "2014-12-11T12:25:06Z",
  "page": "105368913596",
  "user": "10207913274857914"
 }
},
{
 "model": "socialage.facebookpagelike",
 "pk": 1321,
 "fields": {
  "time": "2014-12-06T19:24:54Z",
  "page": "161880500640776",
  "user": "10207913274857914"
 }
},
{
 "model": "socialage.facebookpagelike",
 "pk": 1322,
 "fields": {
  "time": "2014-11-26T12:42:22Z",
  "page": "275010929186645",
  "user": "10207913274857914"
 }
},
{
 "model": "socialage.facebookpagelike",
 "pk": 1323,
 "fields": {
  "time": "2014-11-24T11:11:14Z",
  "page": "27299967587",
  "user": "10207913274857914"
 }
},
{
 "model": "socialage.facebookpagelike",
 "pk": 1324,
 "fields": {
  "time": "2014-11-24T11:11:09Z",
  "page": "213238282024922",
  "user": "10207913274857914"
 }
},
{
 "model": "socialage.facebookpagelike",
 "pk": 1325,
 "fields": {
  "time": "2014-11-03T08:16:08Z",
  "page": "108128759211047",
  "user": "10207913274857914"
 }
},
{
 "model": "socialage.facebookpagelike",
 "pk": 1326,
 "fields": {
  "time": "2014-10-28T16:13:31Z",
  "page": "208325382515395",
  "user": "10207913274857914"
 }
},
{
 "model": "socialage.facebookpagelike",
 "pk": 1327,
 "fields": {
  "time": "2014-10-28T07:45:20Z",
  "page": "249880261833903",
  "user": "10207913274857914"
 }
},
{
 "model": "socialage.facebookpagelike",
 "pk": 1328,
 "fields": {
  "time": "2014-10-20T23:24:01Z",
  "page": "854389181272475",
  "user": "10207913274857914"
 }
},
{
 "model": "socialage.facebookpagelike",
 "pk": 1329,
 "fields": {
  "time": "2014-10-18T01:21:41Z",
  "page": "838049952872099",
  "user": "10207913274857914"
 }
},
{
 "model": "socialage.facebookpagelike",
 "pk": 1330,
 "fields": {
  "time": "2014-10-17T14:41:14Z",
  "page": "154213784747095",
  "user": "10207913274857914"
 }
},
{
 "model": "socialage.facebookpagelike",
 "pk": 1331,
 "fields": {
  "time": "2014-10-17T14:41:08Z",
  "page": "52528756792",
  "user": "10207913274857914"
 }
},
{
 "model": "socialage.facebookpagelike",
 "pk": 1332,
 "fields": {
  "time": "2014-10-17T14:40:57Z",
  "page": "236598359704772",
  "user": "10207913274857914"
 }
},
{
 "model": "socialage.facebookpagelike",
 "pk": 1333,
 "fields": {
  "time": "2014-09-12T19:03:59Z",
  "page": "177670708952669",
  "user": "10207913274857914"
 }
},
{
 "model": "socialage.facebookpagelike",
 "pk": 1334,
 "fields": {
  "time": "2014-09-10T14:38:49Z",
  "page": "19975077227",
  "user": "10207913274857914"
 }
},
{
 "model": "socialage.facebookpagelike",
 "pk": 1335,
 "fields": {
  "time": "2014-03-27T06:10:49Z",
  "page": "313595788739120",
  "user": "10207913274857914"
 }
},
{
 "model": "socialage.facebookpagelike",
 "pk": 1336,
 "fields": {
  "time": "2014-03-10T08:45:56Z",
  "page": "8204082557",
  "user": "10207913274857914"
 }
},
{
 "model": "socialage.facebookpagelike",
 "pk": 1337,
 "fields": {
  "time": "2014-02-04T18:23:17Z",
  "page": "113715598708769",
  "user": "10207913274857914"
 }
},
{
 "model": "socialage.facebookpagelike",
 "pk": 1338,
 "fields": {
  "time": "2014-01-29T07:09:06Z",
  "page": "483178871700860",
  "user": "10207913274857914"
 }
},
{
 "model": "socialage.facebookpagelike",
 "pk": 1339,
 "fields": {
  "time": "2014-01-06T03:22:03Z",
  "page": "117266408377126",
  "user": "10207913274857914"
 }
},
{
 "model": "socialage.facebookpagelike",
 "pk": 1340,
 "fields": {
  "time": "2013-12-23T02:03:30Z",
  "page": "366665180129317",
  "user": "10207913274857914"
 }
},
{
 "model": "socialage.facebookpagelike",
 "pk": 1341,
 "fields": {
  "time": "2013-11-18T00:28:14Z",
  "page": "308766702485743",
  "user": "10207913274857914"
 }
},
{
 "model": "socialage.facebookpagelike",
 "pk": 1342,
 "fields": {
  "time": "2013-11-06T07:29:20Z",
  "page": "540980182592688",
  "user": "10207913274857914"
 }
},
{
 "model": "socialage.facebookpagelike",
 "pk": 1343,
 "fields": {
  "time": "2013-10-31T15:26:38Z",
  "page": "159588814251306",
  "user": "10207913274857914"
 }
},
{
 "model": "socialage.facebookpagelike",
 "pk": 1344,
 "fields": {
  "time": "2013-09-02T03:27:24Z",
  "page": "161859874015756",
  "user": "10207913274857914"
 }
},
{
 "model": "socialage.facebookpagelike",
 "pk": 1345,
 "fields": {
  "time": "2013-08-06T02:16:11Z",
  "page": "409160142492058",
  "user": "10207913274857914"
 }
},
{
 "model": "socialage.facebookpagelike",
 "pk": 1346,
 "fields": {
  "time": "2013-06-29T06:21:55Z",
  "page": "165643733475655",
  "user": "10207913274857914"
 }
},
{
 "model": "socialage.facebookpagelike",
 "pk": 1347,
 "fields": {
  "time": "2013-06-20T04:21:15Z",
  "page": "364102597008910",
  "user": "10207913274857914"
 }
},
{
 "model": "socialage.facebookpagelike",
 "pk": 1348,
 "fields": {
  "time": "2013-06-18T12:52:57Z",
  "page": "478595728881467",
  "user": "10207913274857914"
 }
},
{
 "model": "socialage.facebookpagelike",
 "pk": 1349,
 "fields": {
  "time": "2013-06-14T03:54:52Z",
  "page": "128120097295326",
  "user": "10207913274857914"
 }
},
{
 "model": "socialage.facebookpagelike",
 "pk": 1350,
 "fields": {
  "time": "2013-06-09T08:29:11Z",
  "page": "20134383992",
  "user": "10207913274857914"
 }
},
{
 "model": "socialage.facebookpagelike",
 "pk": 1351,
 "fields": {
  "time": "2013-05-22T12:05:09Z",
  "page": "449014758521407",
  "user": "10207913274857914"
 }
},
{
 "model": "socialage.facebookpagelike",
 "pk": 1352,
 "fields": {
  "time": "2013-05-14T03:05:29Z",
  "page": "143227602529991",
  "user": "10207913274857914"
 }
},
{
 "model": "socialage.facebookpagelike",
 "pk": 1353,
 "fields": {
  "time": "2013-05-09T13:22:37Z",
  "page": "105704839462920",
  "user": "10207913274857914"
 }
},
{
 "model": "socialage.facebookpagelike",
 "pk": 1354,
 "fields": {
  "time": "2013-05-09T01:40:48Z",
  "page": "301950639703",
  "user": "10207913274857914"
 }
},
{
 "model": "socialage.facebookpagelike",
 "pk": 1355,
 "fields": {
  "time": "2013-05-09T01:37:34Z",
  "page": "163945090325646",
  "user": "10207913274857914"
 }
},
{
 "model": "socialage.facebookpagelike",
 "pk": 1356,
 "fields": {
  "time": "2013-02-26T02:11:26Z",
  "page": "123196364370658",
  "user": "10207913274857914"
 }
},
{
 "model": "socialage.facebookpagelike",
 "pk": 1357,
 "fields": {
  "time": "2013-02-26T02:11:24Z",
  "page": "103738076331632",
  "user": "10207913274857914"
 }
},
{
 "model": "socialage.facebookpagelike",
 "pk": 1358,
 "fields": {
  "time": "2013-02-24T17:55:24Z",
  "page": "86949163772",
  "user": "10207913274857914"
 }
},
{
 "model": "socialage.facebookpagelike",
 "pk": 1359,
 "fields": {
  "time": "2013-02-06T15:34:41Z",
  "page": "167102389979239",
  "user": "10207913274857914"
 }
},
{
 "model": "socialage.facebookpagelike",
 "pk": 1360,
 "fields": {
  "time": "2012-12-29T02:00:43Z",
  "page": "146036812081923",
  "user": "10207913274857914"
 }
},
{
 "model": "socialage.facebookpagelike",
 "pk": 1361,
 "fields": {
  "time": "2012-11-12T12:26:15Z",
  "page": "473480839358582",
  "user": "10207913274857914"
 }
},
{
 "model": "socialage.facebookpagelike",
 "pk": 1362,
 "fields": {
  "time": "2012-11-09T12:30:32Z",
  "page": "369122923182100",
  "user": "10207913274857914"
 }
},
{
 "model": "socialage.facebookpagelike",
 "pk": 1363,
 "fields": {
  "time": "2012-09-06T03:11:37Z",
  "page": "151328041597923",
  "user": "10207913274857914"
 }
},
{
 "model": "socialage.facebookpagelike",
 "pk": 1364,
 "fields": {
  "time": "2012-07-13T03:40:25Z",
  "page": "416607575040456",
  "user": "10207913274857914"
 }
},
{
 "model": "socialage.facebookpagelike",
 "pk": 1365,
 "fields": {
  "time": "2012-06-07T07:05:29Z",
  "page": "253851928053456",
  "user": "10207913274857914"
 }
},
{
 "model": "socialage.facebookpagelike",
 "pk": 1366,
 "fields": {
  "time": "2012-01-12T06:16:01Z",
  "page": "108170975877442",
  "user": "10207913274857914"
 }
},
{
 "model": "socialage.facebookpagelike",
 "pk": 1367,
 "fields": {
  "time": "2011-06-25T00:52:57Z",
  "page": "184653258216848",
  "user": "10207913274857914"
 }
},
{
 "model": "socialage.facebookpagelike",
 "pk": 1368,
 "fields": {
  "time": "2011-05-28T02:56:10Z",
  "page": "72447883975",
  "user": "10207913274857914"
 }
},
{
 "model": "socialage.facebookpagelike",
 "pk": 1369,
 "fields": {
  "time": "2010-05-11T12:04:30Z",
  "page": "108166409205738",
  "user": "10207913274857914"
 }
},
{
 "model": "socialage.facebookpagelike",
 "pk": 1370,
 "fields": {
  "time": "2010-05-11T12:04:30Z",
  "page": "105776632789129",
  "user": "10207913274857914"
 }
},
{
 "model": "socialage.facebookpagelike",
 "pk": 1371,
 "fields": {
  "time": "2010-05-11T12:04:30Z",
  "page": "105446809491181",
  "user": "10207913274857914"
 }
},
{
 "model": "socialage.facebookpagelike",
 "pk": 1372,
 "fields": {
  "time": "2010-05-11T12:04:29Z",
  "page": "112230005457685",
  "user": "10207913274857914"
 }
},
{
 "model": "socialage.facebookpagelike",
 "pk": 1373,
 "fields": {
  "time": "2010-05-11T12:04:29Z",
  "page": "111656658861253",
  "user": "10207913274857914"
 }
},
{
 "model": "socialage.facebookpagelike",
 "pk": 1374,
 "fields": {
  "time": "2010-05-11T12:04:29Z",
  "page": "110534865635330",
  "user": "10207913274857914"
 }
},
{
 "model": "socialage.facebookpagelike",
 "pk": 1375,
 "fields": {
  "time": "2010-05-11T12:04:29Z",
  "page": "106148299416410",
  "user": "10207913274857914"
 }
},
{
 "model": "socialage.facebookpagelike",
 "pk": 1376,
 "fields": {
  "time": "2010-05-11T12:04:28Z",
  "page": "103733072998239",
  "user": "10207913274857914"
 }
},
{
 "model": "socialage.facebookpagelike",
 "pk": 1377,
 "fields": {
  "time": "2010-04-21T14:02:51Z",
  "page": "34355902577",
  "user": "10207913274857914"
 }
},
{
 "model": "socialage.facebookpagelike",
 "pk": 1378,
 "fields": {
  "time": "2010-04-21T13:55:51Z",
  "page": "7057882289",
  "user": "10207913274857914"
 }
},
{
 "model": "socialage.facebookpagelike",
 "pk": 1379,
 "fields": {
  "time": "2010-03-07T15:17:02Z",
  "page": "299006306291",
  "user": "10207913274857914"
 }
},
{
 "model": "socialage.facebookpagelike",
 "pk": 1380,
 "fields": {
  "time": "2010-02-21T00:14:00Z",
  "page": "281316275977",
  "user": "10207913274857914"
 }
},
{
 "model": "socialage.facebookpagelike",
 "pk": 1381,
 "fields": {
  "time": "2010-01-30T12:19:15Z",
  "page": "196968546404",
  "user": "10207913274857914"
 }
},
{
 "model": "socialage.facebookpagelike",
 "pk": 1382,
 "fields": {
  "time": "2010-01-22T14:49:49Z",
  "page": "183656937806",
  "user": "10207913274857914"
 }
},
{
 "model": "socialage.facebookpagelike",
 "pk": 1383,
 "fields": {
  "time": "2009-12-29T01:59:58Z",
  "page": "244570540341",
  "user": "10207913274857914"
 }
},
{
 "model": "socialage.facebookpagelike",
 "pk": 1384,
 "fields": {
  "time": "2009-08-05T10:40:31Z",
  "page": "22988419982",
  "user": "10207913274857914"
 }
},
{
 "model": "socialage.facebookpagelike",
 "pk": 1385,
 "fields": {
  "time": "2009-07-22T13:07:28Z",
  "page": "44874252188",
  "user": "10207913274857914"
 }
},
{
 "model": "socialage.facebookpagelike",
 "pk": 1386,
 "fields": {
  "time": "2009-07-22T00:21:18Z",
  "page": "75415661389",
  "user": "10207913274857914"
 }
},
{
 "model": "socialage.facebookpagelike",
 "pk": 1387,
 "fields": {
  "time": "2009-07-22T00:19:08Z",
  "page": "123938311211",
  "user": "10207913274857914"
 }
},
{
 "model": "socialage.facebookpagelike",
 "pk": 1388,
 "fields": {
  "time": "2009-07-22T00:19:00Z",
  "page": "106045036847",
  "user": "10207913274857914"
 }
},
{
 "model": "socialage.facebookpagelike",
 "pk": 1989,
 "fields": {
  "time": "2015-03-23T23:45:08Z",
  "page": "8268d411-2957-4fae-a731-3e2f92823ae1",
  "user": "10153667699589710"
 }
},
{
 "model": "socialage.facebookpagelike",
 "pk": 1990,
 "fields": {
  "time": "2015-05-25T19:50:20Z",
  "page": "70af0037-42ac-4ab4-8f4f-01cfa81b73cb",
  "user": "10153667699589710"
 }
},
{
 "model": "socialage.facebookpagelike",
 "pk": 1991,
 "fields": {
  "time": "2014-03-27T03:43:24Z",
  "page": "e567bf04-e211-411f-9e17-c94f6ce24191",
  "user": "10153667699589710"
 }
},
{
 "model": "socialage.facebookpagelike",
 "pk": 1992,
 "fields": {
  "time": "2013-11-03T15:34:08Z",
  "page": "d9cb240d-a6c4-4a9f-80b2-e563d514625c",
  "user": "10153667699589710"
 }
},
{
 "model": "socialage.facebookpagelike",
 "pk": 1993,
 "fields": {
  "time": "2013-10-13T10:47:24Z",
  "page": "ca71cce1-0775-4957-b766-8f8b3e21d105",
  "user": "10153667699589710"
 }
},
{
 "model": "socialage.facebookpagelike",
 "pk": 1994,
 "fields": {
  "time": "2013-09-24T19:33:03Z",
  "page": "22c51048-77d1-4d8f-beb5-6adf4ab5efbf",
  "user": "10153667699589710"
 }
},
{
 "model": "socialage.facebookpagelike",
 "pk": 1995,
 "fields": {
  "time": "2013-09-06T02:00:21Z",
  "page": "11c45e48-a83d-40b4-83a9-c6d993f5237a",
  "user": "10153667699589710"
 }
},
{
 "model": "socialage.facebookpagelike",
 "pk": 1996,
 "fields": {
  "time": "2013-08-15T12:45:41Z",
  "page": "61660870-ccad-4c95-9f46-9f048b865126",
  "user": "10153667699589710"
 }
},
{
 "model": "socialage.facebookpagelike",
 "pk": 1997,
 "fields": {
  "time": "2013-07-09T06:40:15Z",
  "page": "45a9a144-5d36-4c90-9ce2-8fe9971f7e92",
  "user": "10153667699589710"
 }
},
{
 "model": "socialage.facebookpagelike",
 "pk": 1998,
 "fields": {
  "time": "2013-06-17T03:07:04Z",
  "page": "5adfb215-19be-411f-9fed-de70a65a60ff",
  "user": "10153667699589710"
 }
},
{
 "model": "socialage.facebookpagelike",
 "pk": 1999,
 "fields": {
  "time": "2013-04-30T02:28:29Z",
  "page": "e2c14a0e-a0a8-47c3-8f42-e6157c993089",
  "user": "10153667699589710"
 }
},
{
 "model": "socialage.facebookpagelike",
 "pk": 2000,
 "fields": {
  "time": "2013-04-11T10:33:32Z",
  "page": "19d89dcc-829e-4bfa-b511-7bbb7adf18f6",
  "user": "10153667699589710"
 }
},
{
 "model": "socialage.facebookpagelike",
 "pk": 2001,
 "fields": {
  "time": "2013-04-03T11:02:42Z",
  "page": "36d4e75c-fa90-4854-acc5-62a202c81107",
  "user": "10153667699589710"
 }
},
{
 "model": "socialage.facebookpagelike",
 "pk": 2002,
 "fields": {
  "time": "2013-02-07T15:43:05Z",
  "page": "a636f934-0a1c-468c-9ba7-1910d891ccac",
  "user": "10153667699589710"
 }
},
{
 "model": "socialage.facebookpagelike",
 "pk": 2003,
 "fields": {
  "time": "2012-12-21T15:53:36Z",
  "page": "2486615e-26d2-4429-86b5-7dd3aac6bfd1",
  "user": "10153667699589710"
 }
},
{
 "model": "socialage.facebookpagelike",
 "pk": 2004,
 "fields": {
  "time": "2012-12-01T22:45:39Z",
  "page": "8c9b8a83-a025-4bd6-a793-f187a5141e1f",
  "user": "10153667699589710"
 }
},
{
 "model": "socialage.facebookpagelike",
 "pk": 2005,
 "fields": {
  "time": "2012-11-05T09:47:13Z",
  "page": "b78b727c-e2af-4c7c-9614-0e6aa61647e3",
  "user": "10153667699589710"
 }
},
{
 "model": "socialage.facebookpagelike",
 "pk": 2006,
 "fields": {
  "time": "2012-10-16T06:13:04Z",
  "page": "95a6cbae-9604-4603-9a98-3e6cbda6ae51",
  "user": "10153667699589710"
 }
},
{
 "model": "socialage.facebookpagelike",
 "pk": 2007,
 "fields": {
  "time": "2012-10-13T21:16:20Z",
  "page": "00c210ad-be46-491d-9c00-8f2f92b4b28f",
  "user": "10153667699589710"
 }
},
{
 "model": "socialage.facebookpagelike",
 "pk": 2008,
 "fields": {
  "time": "2012-09-14T02:02:27Z",
  "page": "02e81095-40a6-4f14-b676-9ef2690a9a92",
  "user": "10153667699589710"
 }
},
{
 "model": "socialage.facebookpagelike",
 "pk": 2009,
 "fields": {
  "time": "2012-09-07T06:58:26Z",
  "page": "81091eb4-4da2-4af5-a976-7406e500e0db",
  "user": "10153667699589710"
 }
},
{
 "model": "socialage.facebookpagelike",
 "pk": 2010,
 "fields": {
  "time": "2012-09-03T02:47:46Z",
  "page": "e3f8aec0-7fc2-4bbb-8443-55ed106d64bf",
  "user": "10153667699589710"
 }
},
{
 "model": "socialage.facebookpagelike",
 "pk": 2011,
 "fields": {
  "time": "2012-09-03T02:46:41Z",
  "page": "aa4855de-00ec-49f4-8ae7-14a68353bece",
  "user": "10153667699589710"
 }
},
{
 "model": "socialage.facebookpagelike",
 "pk": 2012,
 "fields": {
  "time": "2012-09-02T12:11:09Z",
  "page": "8fb3268f-5570-4aad-851c-ff9f18c0b004",
  "user": "10153667699589710"
 }
},
{
 "model": "socialage.facebookpagelike",
 "pk": 2013,
 "fields": {
  "time": "2012-06-18T10:25:27Z",
  "page": "65dad119-ea87-43ed-8e6a-18bf366fdea3",
  "user": "10153667699589710"
 }
},
{
 "model": "socialage.facebookpagelike",
 "pk": 2014,
 "fields": {
  "time": "2012-03-31T11:32:48Z",
  "page": "50d754b5-6b8f-490e-bb2d-47403236e4df",
  "user": "10153667699589710"
 }
},
{
 "model": "socialage.facebookpagelike",
 "pk": 2015,
 "fields": {
  "time": "2012-03-18T13:02:43Z",
  "page": "b8f538c9-c0ed-410a-81e0-d0c4eaa4b2f9",
  "user": "10153667699589710"
 }
},
{
 "model": "socialage.facebookpagelike",
 "pk": 2016,
 "fields": {
  "time": "2012-03-08T14:54:00Z",
  "page": "fd856515-e4c1-4e67-9b20-a0105704a185",
  "user": "10153667699589710"
 }
},
{
 "model": "socialage.facebookpagelike",
 "pk": 2017,
 "fields": {
  "time": "2012-02-25T03:52:12Z",
  "page": "2bb35a53-d9e9-4e49-85a0-12d49fe56c8b",
  "user": "10153667699589710"
 }
},
{
 "model": "socialage.facebookpagelike",
 "pk": 2018,
 "fields": {
  "time": "2012-01-13T10:59:38Z",
  "page": "c4a7bf74-5d57-464e-9aa0-c09a6a0c4711",
  "user": "10153667699589710"
 }
},
{
 "model": "socialage.facebookpagelike",
 "pk": 2019,
 "fields": {
  "time": "2011-12-27T13:47:18Z",
  "page": "ff56efe8-d791-4365-baa7-7ff6a1f4c848",
  "user": "10153667699589710"
 }
},
{
 "model": "socialage.facebookpagelike",
 "pk": 2020,
 "fields": {
  "time": "2011-12-16T14:53:30Z",
  "page": "e3be2213-ad5c-43c8-bbca-d5b8f6af1a62",
  "user": "10153667699589710"
 }
},
{
 "model": "socialage.facebookpagelike",
 "pk": 2021,
 "fields": {
  "time": "2011-12-08T14:50:33Z",
  "page": "a3967b40-270d-4d7c-a469-5a4f604df579",
  "user": "10153667699589710"
 }
},
{
 "model": "socialage.facebookpagelike",
 "pk": 2022,
 "fields": {
  "time": "2011-11-20T06:33:28Z",
  "page": "49b9d476-8d85-4fd2-9ed2-7ba339b66694",
  "user": "10153667699589710"
 }
},
{
 "model": "socialage.facebookpagelike",
 "pk": 2023,
 "fields": {
  "time": "2011-11-20T06:29:04Z",
  "page": "b8fe6ab6-6268-4f13-b19d-d1e542193012",
  "user": "10153667699589710"
 }
},
{
 "model": "socialage.facebookpagelike",
 "pk": 2024,
 "fields": {
  "time": "2011-10-18T05:46:24Z",
  "page": "1b2cbfa3-9a26-4ef2-83f9-8fb2cc0d84cd",
  "user": "10153667699589710"
 }
},
{
 "model": "socialage.facebookpagelike",
 "pk": 2025,
 "fields": {
  "time": "2011-10-17T05:11:38Z",
  "page": "0d496378-1e56-410e-807a-967a771be23c",
  "user": "10153667699589710"
 }
},
{
 "model": "socialage.facebookpagelike",
 "pk": 2026,
 "fields": {
  "time": "2011-10-13T11:49:51Z",
  "page": "1aab6493-306c-48e4-8435-71f290d61c4f",
  "user": "10153667699589710"
 }
},
{
 "model": "socialage.facebookpagelike",
 "pk": 2027,
 "fields": {
  "time": "2011-10-12T10:17:17Z",
  "page": "362add06-eacc-4492-9fa4-361cddeade79",
  "user": "10153667699589710"
 }
},
{
 "model": "socialage.facebookpagelike",
 "pk": 2028,
 "fields": {
  "time": "2011-10-03T12:55:18Z",
  "page": "183c45d5-b558-4373-8c06-c0cee6d42aa7",
  "user": "10153667699589710"
 }
},
{
 "model": "socialage.facebookpagelike",
 "pk": 2029,
 "fields": {
  "time": "2011-09-14T09:49:16Z",
  "page": "3ba77111-46d9-4a3a-95b0-63f7eedc89ac",
  "user": "10153667699589710"
 }
},
{
 "model": "socialage.facebookpagelike",
 "pk": 2030,
 "fields": {
  "time": "2011-09-11T07:31:46Z",
  "page": "b0ec6342-b9fa-4ae9-a695-661160c2480a",
  "user": "10153667699589710"
 }
},
{
 "model": "socialage.facebookpagelike",
 "pk": 2031,
 "fields": {
  "time": "2011-08-28T11:51:31Z",
  "page": "57f16ab5-949a-4ed1-9a18-0895972fa3b6",
  "user": "10153667699589710"
 }
},
{
 "model": "socialage.facebookpagelike",
 "pk": 2032,
 "fields": {
  "time": "2011-08-28T10:35:50Z",
  "page": "410f6404-2edc-4f37-bbb1-c1f1df79ef65",
  "user": "10153667699589710"
 }
},
{
 "model": "socialage.facebookpagelike",
 "pk": 2033,
 "fields": {
  "time": "2011-08-27T03:13:05Z",
  "page": "b7a5d142-8ccb-4949-99c3-6b7f3d01ead0",
  "user": "10153667699589710"
 }
},
{
 "model": "socialage.facebookpagelike",
 "pk": 2034,
 "fields": {
  "time": "2011-06-05T23:42:01Z",
  "page": "bb1ff81c-a54a-4f8a-a1c6-a292a64f98b1",
  "user": "10153667699589710"
 }
},
{
 "model": "socialage.facebookpagelike",
 "pk": 2035,
 "fields": {
  "time": "2011-06-05T23:41:43Z",
  "page": "83a711f7-c8a2-4b2f-96d6-14a91e542810",
  "user": "10153667699589710"
 }
},
{
 "model": "socialage.facebookpagelike",
 "pk": 2036,
 "fields": {
  "time": "2011-05-02T08:50:45Z",
  "page": "ce821c5f-978d-4e17-ae70-6fb15136d6d9",
  "user": "10153667699589710"
 }
},
{
 "model": "socialage.facebookpagelike",
 "pk": 2037,
 "fields": {
  "time": "2011-03-25T17:37:39Z",
  "page": "a3464d4b-cc93-407f-b938-00c53af31d59",
  "user": "10153667699589710"
 }
},
{
 "model": "socialage.facebookpagelike",
 "pk": 2038,
 "fields": {
  "time": "2011-01-10T11:15:59Z",
  "page": "9719f736-f437-42e0-99ac-79461b96cfcc",
  "user": "10153667699589710"
 }
},
{
 "model": "socialage.facebookpagelike",
 "pk": 2039,
 "fields": {
  "time": "2010-12-11T13:29:59Z",
  "page": "9d838df4-fd8e-4cf3-8890-50f9a11e2bef",
  "user": "10153667699589710"
 }
},
{
 "model": "socialage.facebookpagelike",
 "pk": 2040,
 "fields": {
  "time": "2010-12-05T11:39:07Z",
  "page": "d573775b-5ac0-43d8-974c-843bc6d3c742",
  "user": "10153667699589710"
 }
},
{
 "model": "socialage.facebookpagelike",
 "pk": 2041,
 "fields": {
  "time": "2010-12-05T09:09:32Z",
  "page": "d2d24c96-ad12-45d6-a90d-4909cdc0342c",
  "user": "10153667699589710"
 }
},
{
 "model": "socialage.facebookpagelike",
 "pk": 2042,
 "fields": {
  "time": "2010-11-28T09:12:28Z",
  "page": "5bd550f3-5672-4a69-9c5f-4d4daabf9378",
  "user": "10153667699589710"
 }
},
{
 "model": "socialage.facebookpagelike",
 "pk": 2043,
 "fields": {
  "time": "2010-11-13T11:15:05Z",
  "page": "6d5c3b46-8d71-4e42-afa4-0ea2ecdb859a",
  "user": "10153667699589710"
 }
},
{
 "model": "socialage.facebookpagelike",
 "pk": 2044,
 "fields": {
  "time": "2010-09-05T08:52:48Z",
  "page": "96f17e79-a1b3-4354-9406-ae3712d64ec4",
  "user": "10153667699589710"
 }
},
{
 "model": "socialage.facebookpagelike",
 "pk": 2045,
 "fields": {
  "time": "2010-05-27T19:19:28Z",
  "page": "76d4a443-afa1-4033-95d2-9d46bcae8e8e",
  "user": "10153667699589710"
 }
},
{
 "model": "socialage.facebookpagelike",
 "pk": 2046,
 "fields": {
  "time": "2010-05-27T19:12:43Z",
  "page": "5fff754d-4eb0-47ec-b7f5-a698745d82ae",
  "user": "10153667699589710"
 }
},
{
 "model": "socialage.facebookpagelike",
 "pk": 2047,
 "fields": {
  "time": "2015-05-17T00:27:12Z",
  "page": "421e988c-197f-43a2-af0f-fd12bc1aa30a",
  "user": "10153667699589710"
 }
},
{
 "model": "socialage.facebookpagelike",
 "pk": 2048,
 "fields": {
  "time": "2010-05-27T19:10:52Z",
  "page": "31adfae4-4056-4901-b957-9e1567172b17",
  "user": "10153667699589710"
 }
},
{
 "model": "socialage.facebookpagelike",
 "pk": 2049,
 "fields": {
  "time": "2010-05-23T03:31:10Z",
  "page": "1ec7fdf4-74a7-4b75-baba-8c823d0e8300",
  "user": "10153667699589710"
 }
},
{
 "model": "socialage.facebookpagelike",
 "pk": 2050,
 "fields": {
  "time": "2010-05-02T23:15:08Z",
  "page": "80158aff-b066-4e34-b6f7-35da78958304",
  "user": "10153667699589710"
 }
},
{
 "model": "socialage.facebookpagelike",
 "pk": 2051,
 "fields": {
  "time": "2010-04-24T10:40:17Z",
  "page": "b8298263-c257-4966-b91f-60fb921ad1df",
  "user": "10153667699589710"
 }
},
{
 "model": "socialage.facebookpagelike",
 "pk": 2052,
 "fields": {
  "time": "2010-04-24T10:34:12Z",
  "page": "7d5f6f44-5226-4f82-996d-ce10a2e597f6",
  "user": "10153667699589710"
 }
},
{
 "model": "socialage.facebookpagelike",
 "pk": 2053,
 "fields": {
  "time": "2010-04-24T10:33:13Z",
  "page": "117e8be7-459a-4709-bc05-f9e782f4abf5",
  "user": "10153667699589710"
 }
},
{
 "model": "socialage.facebookpagelike",
 "pk": 2054,
 "fields": {
  "time": "2010-04-24T10:28:55Z",
  "page": "ceb20e13-913b-461f-a62c-7b02b23b7214",
  "user": "10153667699589710"
 }
},
{
 "model": "socialage.facebookpagelike",
 "pk": 2055,
 "fields": {
  "time": "2010-03-31T14:27:39Z",
  "page": "5787d392-6980-4145-a2d4-a9154c01d98b",
  "user": "10153667699589710"
 }
},
{
 "model": "socialage.facebookpagelike",
 "pk": 2056,
 "fields": {
  "time": "2010-03-26T14:00:28Z",
  "page": "561b8d74-55ad-485c-985d-21644504c4e6",
  "user": "10153667699589710"
 }
},
{
 "model": "socialage.facebookpagelike",
 "pk": 2057,
 "fields": {
  "time": "2010-03-18T14:37:36Z",
  "page": "22a8844a-d76a-4a27-88ac-82c9cea7e296",
  "user": "10153667699589710"
 }
},
{
 "model": "socialage.facebookpagelike",
 "pk": 2058,
 "fields": {
  "time": "2010-03-18T14:37:12Z",
  "page": "bce6639b-6f6c-43c8-b51c-bc2006d51f52",
  "user": "10153667699589710"
 }
},
{
 "model": "socialage.facebookpagelike",
 "pk": 2059,
 "fields": {
  "time": "2010-03-14T10:26:22Z",
  "page": "ceeb7f2a-1166-42dc-812b-0c5f409d623a",
  "user": "10153667699589710"
 }
},
{
 "model": "socialage.facebookpagelike",
 "pk": 2060,
 "fields": {
  "time": "2010-03-13T02:46:10Z",
  "page": "dc3cc03b-bec9-4c5e-87e4-a583def80a2b",
  "user": "10153667699589710"
 }
},
{
 "model": "socialage.facebookpagelike",
 "pk": 2061,
 "fields": {
  "time": "2010-03-13T02:45:50Z",
  "page": "19038e16-59c0-4640-a6ab-2c8ca2f21be7",
  "user": "10153667699589710"
 }
},
{
 "model": "socialage.facebookpagelike",
 "pk": 2062,
 "fields": {
  "time": "2010-03-10T08:16:25Z",
  "page": "89ad0e06-d2e7-4f8d-b5da-17a5d202f657",
  "user": "10153667699589710"
 }
},
{
 "model": "socialage.facebookpagelike",
 "pk": 2063,
 "fields": {
  "time": "2010-02-16T11:03:38Z",
  "page": "396704e1-c808-4afc-915e-9fe572171f13",
  "user": "10153667699589710"
 }
},
{
 "model": "auth.permission",
 "pk": 1,
 "fields": {
  "content_type": 1,
  "name": "Can add log entry",
  "codename": "add_logentry"
 }
},
{
 "model": "auth.permission",
 "pk": 2,
 "fields": {
  "content_type": 1,
  "name": "Can change log entry",
  "codename": "change_logentry"
 }
},
{
 "model": "auth.permission",
 "pk": 3,
 "fields": {
  "content_type": 1,
  "name": "Can delete log entry",
  "codename": "delete_logentry"
 }
},
{
 "model": "auth.permission",
 "pk": 4,
 "fields": {
  "content_type": 2,
  "name": "Can add permission",
  "codename": "add_permission"
 }
},
{
 "model": "auth.permission",
 "pk": 5,
 "fields": {
  "content_type": 2,
  "name": "Can change permission",
  "codename": "change_permission"
 }
},
{
 "model": "auth.permission",
 "pk": 6,
 "fields": {
  "content_type": 2,
  "name": "Can delete permission",
  "codename": "delete_permission"
 }
},
{
 "model": "auth.permission",
 "pk": 7,
 "fields": {
  "content_type": 3,
  "name": "Can add group",
  "codename": "add_group"
 }
},
{
 "model": "auth.permission",
 "pk": 8,
 "fields": {
  "content_type": 3,
  "name": "Can change group",
  "codename": "change_group"
 }
},
{
 "model": "auth.permission",
 "pk": 9,
 "fields": {
  "content_type": 3,
  "name": "Can delete group",
  "codename": "delete_group"
 }
},
{
 "model": "auth.permission",
 "pk": 10,
 "fields": {
  "content_type": 4,
  "name": "Can add user",
  "codename": "add_user"
 }
},
{
 "model": "auth.permission",
 "pk": 11,
 "fields": {
  "content_type": 4,
  "name": "Can change user",
  "codename": "change_user"
 }
},
{
 "model": "auth.permission",
 "pk": 12,
 "fields": {
  "content_type": 4,
  "name": "Can delete user",
  "codename": "delete_user"
 }
},
{
 "model": "auth.permission",
 "pk": 13,
 "fields": {
  "content_type": 5,
  "name": "Can add content type",
  "codename": "add_contenttype"
 }
},
{
 "model": "auth.permission",
 "pk": 14,
 "fields": {
  "content_type": 5,
  "name": "Can change content type",
  "codename": "change_contenttype"
 }
},
{
 "model": "auth.permission",
 "pk": 15,
 "fields": {
  "content_type": 5,
  "name": "Can delete content type",
  "codename": "delete_contenttype"
 }
},
{
 "model": "auth.permission",
 "pk": 16,
 "fields": {
  "content_type": 6,
  "name": "Can add session",
  "codename": "add_session"
 }
},
{
 "model": "auth.permission",
 "pk": 17,
 "fields": {
  "content_type": 6,
  "name": "Can change session",
  "codename": "change_session"
 }
},
{
 "model": "auth.permission",
 "pk": 18,
 "fields": {
  "content_type": 6,
  "name": "Can delete session",
  "codename": "delete_session"
 }
},
{
 "model": "auth.permission",
 "pk": 19,
 "fields": {
  "content_type": 7,
  "name": "Can add facebook user",
  "codename": "add_facebookuser"
 }
},
{
 "model": "auth.permission",
 "pk": 20,
 "fields": {
  "content_type": 7,
  "name": "Can change facebook user",
  "codename": "change_facebookuser"
 }
},
{
 "model": "auth.permission",
 "pk": 21,
 "fields": {
  "content_type": 7,
  "name": "Can delete facebook user",
  "codename": "delete_facebookuser"
 }
},
{
 "model": "auth.permission",
 "pk": 25,
 "fields": {
  "content_type": 9,
  "name": "Can add facebook page like",
  "codename": "add_facebookpagelike"
 }
},
{
 "model": "auth.permission",
 "pk": 26,
 "fields": {
  "content_type": 9,
  "name": "Can change facebook page like",
  "codename": "change_facebookpagelike"
 }
},
{
 "model": "auth.permission",
 "pk": 27,
 "fields": {
  "content_type": 9,
  "name": "Can delete facebook page like",
  "codename": "delete_facebookpagelike"
 }
},
{
 "model": "auth.permission",
 "pk": 28,
 "fields": {
  "content_type": 10,
  "name": "Can add page",
  "codename": "add_page"
 }
},
{
 "model": "auth.permission",
 "pk": 29,
 "fields": {
  "content_type": 10,
  "name": "Can change page",
  "codename": "change_page"
 }
},
{
 "model": "auth.permission",
 "pk": 30,
 "fields": {
  "content_type": 10,
  "name": "Can delete page",
  "codename": "delete_page"
 }
},
{
 "model": "auth.user",
 "pk": 1,
 "fields": {
  "is_superuser": true,
  "first_name": "",
  "last_name": "",
  "email": "sw5713@ic.ac.uk",
  "date_joined": "2015-10-19T17:26:37.184Z",
  "is_staff": true,
  "username": "samuel",
  "groups": [],
  "user_permissions": [],
  "last_login": null,
  "is_active": true,
  "password": "pbkdf2_sha256$20000$4hPdvWvxIvJc$c1EICuA1Nds7JFQJ758CMeZkmPyaagqFB5qwPX7S9aY="
 }
},
{
 "model": "auth.user",
 "pk": 2,
 "fields": {
  "is_superuser": true,
  "first_name": "",
  "last_name": "",
  "email": "chunki916@gmail.com",
  "date_joined": "2015-11-02T09:17:18Z",
  "is_staff": true,
  "username": "jasper",
  "groups": [],
  "user_permissions": [],
  "last_login": "2015-11-02T09:18:35Z",
  "is_active": true,
  "password": "pbkdf2_sha256$20000$Yl4PuKtsTMhc$OsBb4uqJvTGaINvyvkwWMsP/VgkFJZniQHB3p9MqMho="
 }
},
{
 "model": "auth.user",
 "pk": 3,
 "fields": {
  "is_superuser": true,
  "first_name": "",
  "last_name": "",
  "email": "",
  "date_joined": "2015-11-02T10:21:47Z",
  "is_staff": true,
  "username": "admin",
  "groups": [],
  "user_permissions": [],
  "last_login": "2016-01-05T11:34:02.371Z",
  "is_active": true,
  "password": "pbkdf2_sha256$20000$9gpFc1IpKnIZ$oveHGaXXygFiIpOTYvBHqqsGW73XRuCvTSGAowmS2aQ="
 }
},
{
 "model": "admin.logentry",
 "pk": 1,
 "fields": {
  "content_type": 7,
  "object_id": "10153261081443131",
  "action_time": "2015-11-02T09:38:23.136Z",
  "action_flag": 2,
  "user": 2,
  "object_repr": "FacebookUser object",
  "change_message": "Added facebook page like \"FacebookPageLike object\". Added facebook page like \"FacebookPageLike object\"."
 }
},
{
 "model": "admin.logentry",
 "pk": 2,
 "fields": {
  "content_type": 4,
  "object_id": "2",
  "action_time": "2015-11-02T09:44:17.637Z",
  "action_flag": 2,
  "user": 2,
  "object_repr": "jasper",
  "change_message": "Changed username."
 }
},
{
 "model": "admin.logentry",
 "pk": 3,
 "fields": {
  "content_type": 4,
  "object_id": "3",
  "action_time": "2015-11-02T10:21:47.277Z",
  "action_flag": 1,
  "user": 2,
  "object_repr": "admin",
  "change_message": ""
 }
},
{
 "model": "admin.logentry",
 "pk": 4,
 "fields": {
  "content_type": 4,
  "object_id": "3",
  "action_time": "2015-11-02T10:22:08.256Z",
  "action_flag": 2,
  "user": 2,
  "object_repr": "admin",
  "change_message": "Changed is_staff and is_superuser."
 }
},
{
 "model": "admin.logentry",
 "pk": 5,
 "fields": {
  "content_type": 7,
  "object_id": "10153261081443131",
  "action_time": "2015-11-02T10:24:28.319Z",
  "action_flag": 2,
  "user": 3,
  "object_repr": "FacebookUser object",
  "change_message": "Added facebook page like \"FacebookPageLike object\"."
 }
},
{
 "model": "admin.logentry",
 "pk": 6,
 "fields": {
  "content_type": 7,
  "object_id": "10153261081443131",
  "action_time": "2015-11-02T10:25:20.575Z",
  "action_flag": 2,
  "user": 3,
  "object_repr": "FacebookUser object",
  "change_message": "Added facebook page like \"FacebookPageLike object\"."
 }
},
{
 "model": "admin.logentry",
 "pk": 7,
 "fields": {
  "content_type": 7,
  "object_id": "10153261081443131",
  "action_time": "2015-11-02T10:25:34.402Z",
  "action_flag": 2,
  "user": 3,
  "object_repr": "FacebookUser object",
  "change_message": "Changed page for facebook page like \"FacebookPageLike object\"."
 }
},
{
 "model": "admin.logentry",
 "pk": 8,
 "fields": {
  "content_type": 7,
  "object_id": "10153261081443131",
  "action_time": "2015-11-04T11:13:14.573Z",
  "action_flag": 3,
  "user": 3,
  "object_repr": "FacebookUser object",
  "change_message": ""
 }
},
{
 "model": "admin.logentry",
 "pk": 9,
 "fields": {
  "content_type": 7,
  "object_id": "10153261081443131",
  "action_time": "2015-11-04T11:17:44.089Z",
  "action_flag": 2,
  "user": 3,
  "object_repr": "FacebookUser object",
  "change_message": "Added facebook page like \"FacebookPageLike object\"."
 }
},
{
 "model": "admin.logentry",
 "pk": 10,
 "fields": {
  "content_type": 7,
  "object_id": "10153261081443131",
  "action_time": "2015-11-04T11:25:18.164Z",
  "action_flag": 3,
  "user": 3,
  "object_repr": "FacebookUser object",
  "change_message": ""
 }
}
]
